Strain,,,LSJ2,N2,ln1-1,ln2-2,ln3-3,ln4-4,ln5-5,ln6-6,ln7-7,ln8-8,ln9-9,ln10-1,ln11-2,ln12-3,ln13-4,ln14-5,ln15-6,ln16-7,ln17-8,ln18-9,ln19-0,ln20-2,ln21-3,ln22-4,ln23-5,ln24-6,ln25-7,ln26-8,ln27-9,ln28-0,ln29-1,ln30-3,ln31-4,ln32-5,ln33-6,ln34-7,ln35-8,ln36-9,ln37-0,ln38-1,ln39-2,ln40-4,ln41-5,ln42-6,ln43-7,ln44-8,ln45-9,ln46-0,ln47-1,ln48-2,ln49-3,ln50-5,ln51-6,ln52-7,ln53-8,ln54-9,ln55-0,ln56-1,ln57-2,ln58-3,ln59-4,ln60-6,ln61-7,ln62-8,ln63-9,ln64-0,ln65-1,ln66-2,ln67-3,ln68-4,ln69-5,ln70-7,ln71-8,ln72-9,ln73-0,ln74-1,ln75-2,ln76-3,ln77-4,ln78-5,ln79-6,ln80-8,ln81-9,ln82-0,ln83-1,ln84-2,ln85-3,ln86-4,ln87-5,ln88-6,ln89-7,ln90-9,ln91-0,ln92-1,ln93-2,ln94-3
LSJ2_N2_MT,CHROMOSOME_MtDNA,0.002,LSJ2,LSJ2,LSJ2,LSJ2,LSJ2,LSJ2,LSJ2,N2,LSJ2,LSJ2,LSJ2,LSJ2,LSJ2,LSJ2,LSJ2,LSJ2,LSJ2,LSJ2,LSJ2,LSJ2,LSJ2,LSJ2,LSJ2,LSJ2,LSJ2,LSJ2,LSJ2,LSJ2,LSJ2,LSJ2,LSJ2,LSJ2,LSJ2,LSJ2,N2,LSJ2,LSJ2,LSJ2,LSJ2,LSJ2,LSJ2,LSJ2,N2,LSJ2,LSJ2,LSJ2,LSJ2,N2,LSJ2,LSJ2,N2,N2,N2,N2,N2,N2,N2,N2,N2,N2,N2,N2,N2,N2,N2,N2,N2,N2,N2,N2,N2,N2,N2,N2,LSJ2,N2,N2,N2,N2,N2,N2,N2,N2,N2,N2,N2,N2,N2,N2,N2,N2,N2,N2,N2,N2,N2
LSJ2_N2_I_33252,CHROMOSOME_I,0.033252,LSJ2,N2,LSJ2,N2,LSJ2,LSJ2,LSJ2,N2,N2,LSJ2,N2,N2,LSJ2,LSJ2,N2,LSJ2,LSJ2,LSJ2,N2,LSJ2,LSJ2,N2,N2,N2,LSJ2,N2,N2,LSJ2,N2,N2,LSJ2,N2,N2,N2,N2,LSJ2,N2,N2,LSJ2,N2,LSJ2,LSJ2,LSJ2,N2,LSJ2,LSJ2,LSJ2,LSJ2,LSJ2,LSJ2,N2,LSJ2,LSJ2,N2,LSJ2,N2,N2,LSJ2,N2,N2,LSJ2,LSJ2,LSJ2,N2,N2,LSJ2,LSJ2,N2,N2,LSJ2,N2,LSJ2,LSJ2,N2,N2,LSJ2,N2,LSJ2,LSJ2,LSJ2,LSJ2,N2,LSJ2,N2,LSJ2,N2,LSJ2,N2,N2,LSJ2,N2,N2,N2,N2,LSJ2,LSJ2
LSJ2_N2_I_76473,CHROMOSOME_I,0.076473,LSJ2,N2,LSJ2,N2,LSJ2,LSJ2,LSJ2,N2,N2,LSJ2,N2,N2,LSJ2,LSJ2,N2,LSJ2,LSJ2,LSJ2,N2,LSJ2,LSJ2,N2,N2,N2,LSJ2,N2,N2,LSJ2,N2,N2,LSJ2,N2,N2,N2,N2,LSJ2,N2,N2,LSJ2,N2,LSJ2,LSJ2,LSJ2,N2,LSJ2,LSJ2,LSJ2,LSJ2,LSJ2,LSJ2,N2,LSJ2,LSJ2,N2,LSJ2,N2,N2,LSJ2,N2,N2,LSJ2,LSJ2,LSJ2,N2,N2,LSJ2,LSJ2,N2,N2,LSJ2,N2,LSJ2,LSJ2,N2,N2,LSJ2,N2,LSJ2,LSJ2,LSJ2,LSJ2,N2,LSJ2,N2,LSJ2,N2,LSJ2,N2,N2,LSJ2,N2,N2,N2,N2,LSJ2,LSJ2
LSJ2_N2_I_593404,CHROMOSOME_I,0.593404,LSJ2,N2,LSJ2,N2,LSJ2,LSJ2,LSJ2,N2,N2,LSJ2,N2,N2,LSJ2,LSJ2,N2,LSJ2,LSJ2,LSJ2,N2,LSJ2,LSJ2,N2,N2,N2,LSJ2,N2,N2,LSJ2,N2,N2,LSJ2,N2,N2,N2,N2,LSJ2,N2,N2,LSJ2,N2,LSJ2,LSJ2,LSJ2,N2,LSJ2,LSJ2,LSJ2,LSJ2,LSJ2,LSJ2,N2,LSJ2,LSJ2,N2,LSJ2,N2,N2,LSJ2,N2,N2,LSJ2,LSJ2,LSJ2,N2,N2,LSJ2,LSJ2,N2,N2,LSJ2,N2,LSJ2,LSJ2,N2,N2,LSJ2,N2,LSJ2,LSJ2,LSJ2,LSJ2,N2,LSJ2,N2,LSJ2,N2,LSJ2,N2,N2,LSJ2,N2,N2,N2,N2,LSJ2,LSJ2
LSJ2_N2_I_899155,CHROMOSOME_I,0.899155,LSJ2,N2,LSJ2,N2,LSJ2,LSJ2,LSJ2,N2,N2,LSJ2,N2,N2,LSJ2,LSJ2,N2,LSJ2,LSJ2,LSJ2,N2,LSJ2,LSJ2,N2,N2,N2,LSJ2,N2,N2,LSJ2,N2,N2,LSJ2,N2,N2,N2,N2,LSJ2,N2,N2,LSJ2,N2,LSJ2,LSJ2,LSJ2,N2,LSJ2,LSJ2,LSJ2,LSJ2,LSJ2,LSJ2,N2,LSJ2,LSJ2,N2,LSJ2,N2,N2,LSJ2,N2,N2,LSJ2,LSJ2,LSJ2,N2,N2,LSJ2,LSJ2,N2,N2,LSJ2,N2,LSJ2,LSJ2,N2,N2,LSJ2,N2,LSJ2,LSJ2,LSJ2,LSJ2,N2,LSJ2,N2,LSJ2,N2,LSJ2,N2,N2,LSJ2,N2,N2,N2,N2,LSJ2,LSJ2
LSJ2_N2_I_1507378,CHROMOSOME_I,1.507378,LSJ2,N2,LSJ2,N2,LSJ2,LSJ2,LSJ2,N2,N2,LSJ2,N2,N2,LSJ2,LSJ2,N2,LSJ2,LSJ2,LSJ2,N2,LSJ2,LSJ2,N2,N2,N2,LSJ2,N2,N2,LSJ2,N2,N2,LSJ2,N2,N2,N2,N2,LSJ2,N2,N2,LSJ2,N2,LSJ2,LSJ2,LSJ2,N2,LSJ2,LSJ2,LSJ2,LSJ2,LSJ2,LSJ2,LSJ2,LSJ2,LSJ2,N2,LSJ2,N2,N2,LSJ2,N2,N2,LSJ2,LSJ2,LSJ2,N2,N2,LSJ2,LSJ2,N2,N2,LSJ2,N2,LSJ2,LSJ2,N2,N2,LSJ2,N2,LSJ2,LSJ2,LSJ2,LSJ2,N2,LSJ2,N2,LSJ2,N2,LSJ2,N2,N2,LSJ2,N2,N2,N2,N2,N2,LSJ2
LSJ2_N2_I_1708012,CHROMOSOME_I,1.708012,LSJ2,N2,LSJ2,N2,LSJ2,LSJ2,LSJ2,N2,N2,LSJ2,N2,N2,N2,LSJ2,N2,LSJ2,LSJ2,LSJ2,N2,LSJ2,LSJ2,N2,N2,N2,LSJ2,N2,N2,LSJ2,N2,N2,LSJ2,N2,N2,N2,N2,LSJ2,N2,N2,LSJ2,N2,LSJ2,LSJ2,LSJ2,N2,LSJ2,LSJ2,LSJ2,LSJ2,LSJ2,LSJ2,LSJ2,LSJ2,LSJ2,N2,LSJ2,N2,N2,LSJ2,N2,N2,LSJ2,LSJ2,LSJ2,N2,N2,LSJ2,LSJ2,N2,N2,LSJ2,N2,LSJ2,LSJ2,N2,N2,LSJ2,N2,LSJ2,LSJ2,LSJ2,N2,N2,N2,N2,LSJ2,N2,LSJ2,N2,N2,LSJ2,N2,N2,N2,N2,N2,LSJ2
LSJ2_N2_I_2151417,CHROMOSOME_I,2.151417,LSJ2,N2,LSJ2,N2,LSJ2,LSJ2,LSJ2,N2,N2,LSJ2,N2,N2,N2,LSJ2,N2,LSJ2,LSJ2,LSJ2,N2,N2,LSJ2,N2,N2,N2,LSJ2,N2,N2,LSJ2,N2,N2,LSJ2,N2,N2,LSJ2,N2,LSJ2,N2,N2,LSJ2,N2,LSJ2,LSJ2,LSJ2,N2,LSJ2,LSJ2,LSJ2,N2,LSJ2,LSJ2,LSJ2,LSJ2,LSJ2,N2,N2,N2,N2,LSJ2,N2,N2,LSJ2,LSJ2,LSJ2,N2,N2,LSJ2,LSJ2,N2,N2,LSJ2,N2,LSJ2,LSJ2,N2,N2,LSJ2,N2,N2,N2,LSJ2,LSJ2,N2,N2,N2,LSJ2,N2,LSJ2,N2,N2,LSJ2,N2,N2,N2,N2,N2,LSJ2
LSJ2_N2_I_3115352,CHROMOSOME_I,3.115352,LSJ2,N2,LSJ2,N2,LSJ2,LSJ2,LSJ2,N2,N2,N2,N2,N2,N2,LSJ2,N2,N2,LSJ2,LSJ2,N2,N2,LSJ2,LSJ2,N2,N2,LSJ2,N2,N2,LSJ2,LSJ2,N2,LSJ2,N2,N2,LSJ2,N2,LSJ2,LSJ2,N2,LSJ2,N2,LSJ2,N2,LSJ2,N2,LSJ2,LSJ2,LSJ2,N2,LSJ2,LSJ2,LSJ2,LSJ2,LSJ2,N2,N2,N2,N2,LSJ2,LSJ2,N2,LSJ2,LSJ2,LSJ2,N2,N2,LSJ2,LSJ2,N2,N2,N2,N2,LSJ2,LSJ2,N2,N2,LSJ2,LSJ2,N2,N2,LSJ2,LSJ2,N2,N2,N2,LSJ2,N2,LSJ2,LSJ2,N2,LSJ2,N2,N2,N2,N2,N2,LSJ2
LSJ2_N2_I_4359199,CHROMOSOME_I,4.359199,LSJ2,N2,LSJ2,N2,LSJ2,LSJ2,LSJ2,LSJ2,N2,N2,LSJ2,N2,N2,LSJ2,N2,LSJ2,LSJ2,LSJ2,N2,N2,LSJ2,LSJ2,N2,LSJ2,LSJ2,N2,N2,LSJ2,LSJ2,N2,LSJ2,N2,N2,LSJ2,N2,LSJ2,LSJ2,N2,LSJ2,N2,LSJ2,N2,LSJ2,N2,LSJ2,N2,LSJ2,N2,LSJ2,LSJ2,N2,LSJ2,LSJ2,N2,N2,N2,N2,LSJ2,N2,N2,LSJ2,LSJ2,LSJ2,N2,N2,LSJ2,LSJ2,N2,N2,N2,N2,LSJ2,N2,N2,N2,LSJ2,LSJ2,N2,N2,LSJ2,LSJ2,LSJ2,N2,N2,LSJ2,N2,LSJ2,LSJ2,N2,LSJ2,N2,N2,N2,N2,N2,LSJ2
LSJ2_N2_I_4466829,CHROMOSOME_I,4.466829,LSJ2,N2,LSJ2,N2,LSJ2,LSJ2,LSJ2,LSJ2,N2,N2,LSJ2,N2,N2,LSJ2,N2,LSJ2,LSJ2,LSJ2,N2,N2,LSJ2,LSJ2,N2,LSJ2,LSJ2,N2,N2,LSJ2,LSJ2,N2,LSJ2,N2,N2,LSJ2,N2,LSJ2,LSJ2,N2,LSJ2,N2,LSJ2,N2,LSJ2,N2,LSJ2,LSJ2,LSJ2,N2,LSJ2,LSJ2,N2,LSJ2,LSJ2,N2,N2,N2,N2,LSJ2,N2,N2,LSJ2,LSJ2,LSJ2,N2,N2,LSJ2,LSJ2,N2,N2,N2,N2,LSJ2,N2,N2,N2,LSJ2,LSJ2,N2,N2,LSJ2,LSJ2,LSJ2,N2,N2,LSJ2,N2,LSJ2,LSJ2,N2,LSJ2,N2,N2,N2,N2,N2,LSJ2
LSJ2_N2_I_5351199,CHROMOSOME_I,5.351199,LSJ2,N2,LSJ2,N2,LSJ2,LSJ2,LSJ2,LSJ2,N2,N2,LSJ2,N2,LSJ2,LSJ2,N2,LSJ2,LSJ2,LSJ2,N2,N2,LSJ2,LSJ2,N2,LSJ2,LSJ2,N2,N2,LSJ2,LSJ2,N2,LSJ2,N2,N2,LSJ2,N2,LSJ2,LSJ2,N2,LSJ2,N2,LSJ2,N2,LSJ2,N2,LSJ2,LSJ2,LSJ2,N2,LSJ2,LSJ2,N2,LSJ2,LSJ2,N2,N2,N2,N2,LSJ2,N2,N2,N2,LSJ2,LSJ2,N2,N2,LSJ2,LSJ2,N2,N2,N2,N2,LSJ2,N2,N2,N2,LSJ2,LSJ2,N2,N2,LSJ2,LSJ2,LSJ2,N2,N2,LSJ2,N2,LSJ2,LSJ2,N2,LSJ2,N2,N2,N2,N2,N2,LSJ2
LSJ2_N2_I_5420686,CHROMOSOME_I,5.420686,LSJ2,N2,LSJ2,N2,LSJ2,LSJ2,LSJ2,LSJ2,N2,N2,LSJ2,N2,LSJ2,LSJ2,N2,LSJ2,LSJ2,LSJ2,N2,N2,LSJ2,LSJ2,N2,LSJ2,LSJ2,N2,N2,LSJ2,LSJ2,N2,LSJ2,N2,N2,LSJ2,N2,LSJ2,LSJ2,N2,LSJ2,N2,LSJ2,N2,LSJ2,N2,LSJ2,LSJ2,LSJ2,N2,LSJ2,LSJ2,N2,LSJ2,LSJ2,N2,N2,N2,N2,LSJ2,N2,N2,LSJ2,LSJ2,LSJ2,N2,N2,LSJ2,LSJ2,N2,N2,N2,N2,LSJ2,N2,N2,N2,LSJ2,LSJ2,N2,N2,LSJ2,LSJ2,LSJ2,N2,N2,LSJ2,N2,LSJ2,LSJ2,N2,LSJ2,N2,N2,N2,N2,N2,LSJ2
LSJ2_N2_I_6134099,CHROMOSOME_I,6.134099,LSJ2,N2,LSJ2,N2,LSJ2,LSJ2,LSJ2,LSJ2,N2,N2,LSJ2,N2,LSJ2,LSJ2,N2,LSJ2,LSJ2,LSJ2,N2,N2,LSJ2,LSJ2,N2,LSJ2,LSJ2,N2,N2,LSJ2,LSJ2,N2,LSJ2,N2,N2,LSJ2,N2,LSJ2,LSJ2,N2,LSJ2,N2,LSJ2,N2,LSJ2,N2,LSJ2,LSJ2,LSJ2,N2,LSJ2,LSJ2,N2,LSJ2,LSJ2,N2,N2,N2,N2,LSJ2,N2,N2,LSJ2,LSJ2,LSJ2,N2,N2,LSJ2,LSJ2,N2,N2,N2,N2,LSJ2,N2,N2,N2,LSJ2,LSJ2,N2,N2,LSJ2,LSJ2,LSJ2,N2,N2,LSJ2,N2,LSJ2,LSJ2,N2,LSJ2,N2,N2,N2,N2,N2,LSJ2
LSJ2_N2_I_6377791,CHROMOSOME_I,6.377791,LSJ2,N2,LSJ2,N2,LSJ2,LSJ2,LSJ2,LSJ2,N2,N2,LSJ2,N2,LSJ2,LSJ2,N2,LSJ2,LSJ2,LSJ2,N2,N2,LSJ2,LSJ2,N2,LSJ2,LSJ2,N2,N2,LSJ2,LSJ2,N2,LSJ2,N2,N2,LSJ2,N2,LSJ2,LSJ2,N2,LSJ2,N2,LSJ2,N2,LSJ2,N2,LSJ2,LSJ2,LSJ2,N2,LSJ2,LSJ2,N2,LSJ2,LSJ2,N2,N2,N2,N2,LSJ2,N2,N2,LSJ2,LSJ2,LSJ2,N2,N2,LSJ2,LSJ2,N2,N2,N2,N2,LSJ2,N2,N2,N2,LSJ2,LSJ2,N2,N2,LSJ2,LSJ2,LSJ2,N2,N2,LSJ2,N2,LSJ2,LSJ2,N2,LSJ2,N2,N2,N2,N2,N2,LSJ2
LSJ2_N2_I_7035873,CHROMOSOME_I,7.035873,LSJ2,N2,LSJ2,N2,LSJ2,LSJ2,LSJ2,LSJ2,N2,N2,LSJ2,N2,LSJ2,LSJ2,N2,LSJ2,LSJ2,LSJ2,N2,N2,LSJ2,LSJ2,N2,LSJ2,LSJ2,N2,N2,LSJ2,LSJ2,N2,LSJ2,N2,N2,LSJ2,N2,LSJ2,LSJ2,N2,LSJ2,N2,LSJ2,N2,LSJ2,N2,LSJ2,LSJ2,LSJ2,N2,LSJ2,LSJ2,N2,LSJ2,LSJ2,N2,N2,N2,N2,LSJ2,N2,N2,LSJ2,LSJ2,LSJ2,N2,N2,LSJ2,LSJ2,N2,N2,N2,N2,LSJ2,N2,N2,N2,LSJ2,LSJ2,N2,N2,LSJ2,LSJ2,LSJ2,N2,N2,LSJ2,N2,LSJ2,LSJ2,N2,LSJ2,N2,N2,N2,N2,N2,LSJ2
LSJ2_N2_I_8651310,CHROMOSOME_I,8.65131,LSJ2,N2,LSJ2,N2,LSJ2,LSJ2,LSJ2,LSJ2,N2,N2,LSJ2,N2,LSJ2,LSJ2,N2,LSJ2,LSJ2,LSJ2,N2,N2,LSJ2,LSJ2,N2,LSJ2,LSJ2,N2,N2,LSJ2,LSJ2,N2,LSJ2,N2,N2,LSJ2,N2,LSJ2,LSJ2,N2,LSJ2,N2,LSJ2,LSJ2,LSJ2,N2,LSJ2,LSJ2,LSJ2,N2,LSJ2,LSJ2,N2,LSJ2,LSJ2,N2,N2,N2,N2,LSJ2,N2,N2,LSJ2,N2,LSJ2,N2,N2,N2,LSJ2,N2,N2,N2,N2,LSJ2,N2,N2,N2,LSJ2,LSJ2,N2,N2,LSJ2,N2,LSJ2,N2,N2,LSJ2,N2,LSJ2,LSJ2,N2,LSJ2,N2,N2,N2,LSJ2,N2,LSJ2
LSJ2_N2_I_9273152,CHROMOSOME_I,9.273152,LSJ2,N2,LSJ2,N2,LSJ2,LSJ2,LSJ2,LSJ2,N2,N2,LSJ2,N2,LSJ2,LSJ2,N2,LSJ2,LSJ2,LSJ2,N2,N2,LSJ2,LSJ2,N2,LSJ2,LSJ2,N2,N2,LSJ2,LSJ2,N2,LSJ2,N2,N2,LSJ2,N2,LSJ2,LSJ2,N2,LSJ2,LSJ2,LSJ2,LSJ2,LSJ2,N2,N2,LSJ2,LSJ2,N2,LSJ2,LSJ2,N2,LSJ2,LSJ2,N2,N2,N2,N2,LSJ2,N2,N2,LSJ2,N2,LSJ2,N2,LSJ2,N2,LSJ2,N2,N2,N2,N2,N2,N2,N2,N2,LSJ2,LSJ2,N2,N2,LSJ2,N2,LSJ2,N2,N2,LSJ2,N2,LSJ2,LSJ2,N2,LSJ2,N2,N2,N2,LSJ2,N2,LSJ2
LSJ2_N2_I_9573999,CHROMOSOME_I,9.573999,LSJ2,N2,LSJ2,N2,LSJ2,LSJ2,LSJ2,LSJ2,N2,N2,LSJ2,N2,LSJ2,LSJ2,N2,LSJ2,LSJ2,LSJ2,N2,N2,N2,LSJ2,N2,N2,LSJ2,N2,N2,LSJ2,LSJ2,N2,LSJ2,N2,N2,LSJ2,N2,LSJ2,LSJ2,N2,LSJ2,LSJ2,LSJ2,LSJ2,LSJ2,N2,N2,LSJ2,LSJ2,N2,LSJ2,LSJ2,N2,LSJ2,LSJ2,N2,N2,N2,N2,LSJ2,N2,N2,LSJ2,N2,LSJ2,N2,LSJ2,N2,LSJ2,N2,N2,N2,N2,N2,N2,N2,N2,LSJ2,LSJ2,N2,N2,LSJ2,N2,LSJ2,N2,N2,LSJ2,N2,LSJ2,LSJ2,N2,LSJ2,N2,N2,N2,LSJ2,N2,LSJ2
LSJ2_N2_I_10057937,CHROMOSOME_I,10.057937,LSJ2,N2,LSJ2,N2,LSJ2,LSJ2,LSJ2,LSJ2,N2,N2,LSJ2,N2,LSJ2,LSJ2,N2,LSJ2,LSJ2,LSJ2,N2,N2,LSJ2,LSJ2,N2,N2,LSJ2,N2,N2,LSJ2,LSJ2,N2,LSJ2,N2,N2,LSJ2,N2,LSJ2,LSJ2,N2,LSJ2,LSJ2,LSJ2,LSJ2,LSJ2,N2,N2,LSJ2,LSJ2,N2,LSJ2,LSJ2,N2,LSJ2,LSJ2,N2,N2,N2,N2,LSJ2,N2,N2,LSJ2,N2,LSJ2,N2,LSJ2,N2,LSJ2,N2,N2,N2,N2,N2,N2,N2,N2,LSJ2,LSJ2,N2,N2,LSJ2,N2,LSJ2,N2,N2,LSJ2,N2,LSJ2,LSJ2,N2,LSJ2,N2,N2,N2,LSJ2,N2,LSJ2
LSJ2_N2_I_10360279,CHROMOSOME_I,10.360279,LSJ2,N2,LSJ2,N2,LSJ2,LSJ2,LSJ2,LSJ2,N2,N2,LSJ2,N2,LSJ2,LSJ2,N2,LSJ2,LSJ2,LSJ2,N2,N2,LSJ2,LSJ2,N2,N2,LSJ2,N2,N2,LSJ2,LSJ2,N2,LSJ2,N2,N2,LSJ2,N2,LSJ2,LSJ2,N2,LSJ2,LSJ2,LSJ2,LSJ2,LSJ2,N2,N2,LSJ2,LSJ2,N2,LSJ2,LSJ2,N2,LSJ2,LSJ2,N2,N2,N2,N2,LSJ2,N2,N2,LSJ2,N2,LSJ2,N2,LSJ2,N2,LSJ2,N2,N2,N2,N2,N2,N2,N2,N2,LSJ2,LSJ2,N2,N2,LSJ2,N2,LSJ2,N2,N2,LSJ2,N2,LSJ2,LSJ2,N2,LSJ2,N2,N2,N2,LSJ2,N2,LSJ2
LSJ2_N2_I_10368179,CHROMOSOME_I,10.368179,LSJ2,N2,LSJ2,N2,LSJ2,LSJ2,LSJ2,LSJ2,N2,N2,LSJ2,N2,LSJ2,LSJ2,N2,LSJ2,LSJ2,LSJ2,N2,N2,LSJ2,LSJ2,N2,N2,LSJ2,N2,N2,LSJ2,LSJ2,N2,LSJ2,N2,N2,LSJ2,N2,LSJ2,LSJ2,N2,LSJ2,LSJ2,LSJ2,LSJ2,LSJ2,N2,N2,LSJ2,LSJ2,N2,LSJ2,LSJ2,N2,LSJ2,LSJ2,N2,N2,N2,N2,LSJ2,N2,N2,LSJ2,N2,LSJ2,N2,LSJ2,N2,LSJ2,N2,N2,N2,N2,N2,N2,N2,N2,LSJ2,LSJ2,N2,N2,LSJ2,N2,LSJ2,N2,N2,LSJ2,N2,LSJ2,LSJ2,N2,LSJ2,N2,N2,N2,LSJ2,N2,LSJ2
LSJ2_N2_I_11087969,CHROMOSOME_I,11.087969,LSJ2,N2,LSJ2,N2,LSJ2,LSJ2,LSJ2,LSJ2,N2,LSJ2,LSJ2,N2,LSJ2,N2,N2,LSJ2,LSJ2,LSJ2,N2,N2,LSJ2,LSJ2,N2,N2,LSJ2,N2,N2,LSJ2,LSJ2,LSJ2,LSJ2,N2,N2,LSJ2,N2,LSJ2,LSJ2,N2,LSJ2,LSJ2,LSJ2,LSJ2,LSJ2,N2,N2,LSJ2,LSJ2,N2,LSJ2,LSJ2,N2,LSJ2,LSJ2,N2,N2,N2,N2,LSJ2,N2,LSJ2,LSJ2,N2,LSJ2,N2,LSJ2,N2,N2,N2,N2,N2,N2,N2,N2,N2,N2,LSJ2,LSJ2,N2,N2,LSJ2,N2,LSJ2,N2,N2,LSJ2,N2,LSJ2,LSJ2,N2,LSJ2,N2,N2,N2,LSJ2,N2,LSJ2
LSJ2_N2_I_11606261,CHROMOSOME_I,11.606261,LSJ2,N2,LSJ2,N2,N2,LSJ2,LSJ2,LSJ2,N2,LSJ2,LSJ2,N2,N2,N2,N2,LSJ2,N2,LSJ2,N2,N2,LSJ2,LSJ2,N2,N2,LSJ2,LSJ2,N2,LSJ2,LSJ2,LSJ2,LSJ2,N2,N2,LSJ2,N2,LSJ2,LSJ2,N2,LSJ2,LSJ2,LSJ2,N2,LSJ2,N2,N2,LSJ2,LSJ2,N2,LSJ2,LSJ2,N2,LSJ2,LSJ2,N2,N2,LSJ2,LSJ2,LSJ2,N2,LSJ2,LSJ2,N2,LSJ2,N2,LSJ2,N2,N2,N2,N2,N2,N2,N2,N2,N2,N2,LSJ2,LSJ2,N2,N2,LSJ2,N2,LSJ2,N2,N2,LSJ2,N2,LSJ2,LSJ2,N2,LSJ2,N2,N2,N2,LSJ2,N2,LSJ2
LSJ2_N2_I_11808051,CHROMOSOME_I,11.808051,LSJ2,N2,LSJ2,N2,N2,LSJ2,LSJ2,LSJ2,N2,LSJ2,LSJ2,N2,N2,N2,N2,LSJ2,N2,LSJ2,N2,N2,LSJ2,LSJ2,N2,N2,LSJ2,LSJ2,N2,LSJ2,LSJ2,LSJ2,LSJ2,N2,N2,LSJ2,N2,LSJ2,LSJ2,N2,LSJ2,LSJ2,LSJ2,N2,LSJ2,N2,N2,LSJ2,LSJ2,N2,LSJ2,LSJ2,N2,LSJ2,LSJ2,N2,N2,LSJ2,LSJ2,LSJ2,N2,LSJ2,LSJ2,LSJ2,LSJ2,N2,LSJ2,N2,N2,N2,N2,N2,N2,N2,N2,N2,N2,LSJ2,LSJ2,N2,N2,LSJ2,N2,LSJ2,N2,N2,LSJ2,N2,LSJ2,LSJ2,N2,LSJ2,N2,N2,N2,LSJ2,N2,LSJ2
LSJ2_N2_I_12406484,CHROMOSOME_I,12.406484,LSJ2,N2,LSJ2,N2,N2,LSJ2,LSJ2,LSJ2,N2,LSJ2,LSJ2,N2,N2,N2,N2,LSJ2,N2,LSJ2,N2,N2,LSJ2,LSJ2,N2,N2,LSJ2,LSJ2,N2,LSJ2,LSJ2,LSJ2,LSJ2,N2,N2,LSJ2,N2,LSJ2,LSJ2,N2,LSJ2,LSJ2,LSJ2,N2,LSJ2,N2,N2,LSJ2,LSJ2,N2,LSJ2,LSJ2,N2,LSJ2,N2,N2,N2,LSJ2,LSJ2,LSJ2,N2,LSJ2,LSJ2,LSJ2,LSJ2,N2,LSJ2,N2,N2,N2,N2,N2,N2,N2,N2,N2,N2,LSJ2,LSJ2,N2,N2,LSJ2,N2,LSJ2,N2,N2,LSJ2,N2,LSJ2,LSJ2,N2,LSJ2,N2,N2,N2,LSJ2,N2,LSJ2
LSJ2_N2_I_12747990,CHROMOSOME_I,12.74799,LSJ2,N2,LSJ2,N2,N2,LSJ2,LSJ2,LSJ2,N2,LSJ2,LSJ2,N2,N2,N2,N2,LSJ2,N2,LSJ2,N2,N2,LSJ2,LSJ2,N2,N2,LSJ2,LSJ2,N2,LSJ2,LSJ2,LSJ2,LSJ2,N2,N2,LSJ2,N2,LSJ2,LSJ2,N2,LSJ2,LSJ2,LSJ2,N2,LSJ2,N2,N2,LSJ2,LSJ2,N2,LSJ2,LSJ2,N2,LSJ2,N2,N2,N2,LSJ2,LSJ2,LSJ2,N2,LSJ2,LSJ2,LSJ2,LSJ2,N2,LSJ2,N2,N2,N2,N2,N2,N2,N2,N2,N2,N2,LSJ2,LSJ2,N2,N2,LSJ2,N2,LSJ2,N2,N2,LSJ2,N2,N2,LSJ2,N2,LSJ2,N2,LSJ2,N2,LSJ2,N2,LSJ2
LSJ2_N2_I_13284381,CHROMOSOME_I,13.284381,LSJ2,N2,LSJ2,LSJ2,N2,N2,LSJ2,LSJ2,N2,LSJ2,LSJ2,N2,N2,N2,LSJ2,LSJ2,N2,LSJ2,N2,N2,LSJ2,LSJ2,LSJ2,N2,N2,LSJ2,N2,LSJ2,LSJ2,LSJ2,LSJ2,N2,N2,LSJ2,N2,LSJ2,LSJ2,N2,LSJ2,LSJ2,LSJ2,N2,N2,N2,N2,LSJ2,LSJ2,N2,LSJ2,N2,N2,LSJ2,N2,N2,N2,LSJ2,LSJ2,LSJ2,N2,LSJ2,LSJ2,LSJ2,N2,N2,LSJ2,N2,N2,N2,N2,N2,N2,N2,N2,N2,LSJ2,LSJ2,LSJ2,N2,N2,LSJ2,N2,LSJ2,N2,LSJ2,N2,N2,N2,LSJ2,N2,LSJ2,N2,LSJ2,N2,N2,N2,LSJ2
LSJ2_N2_I_13587251,CHROMOSOME_I,13.587251,LSJ2,N2,LSJ2,LSJ2,N2,N2,LSJ2,LSJ2,N2,LSJ2,LSJ2,N2,N2,N2,LSJ2,LSJ2,N2,LSJ2,N2,N2,LSJ2,LSJ2,LSJ2,N2,N2,LSJ2,N2,LSJ2,LSJ2,LSJ2,LSJ2,N2,N2,LSJ2,N2,LSJ2,LSJ2,N2,LSJ2,LSJ2,LSJ2,N2,N2,N2,N2,LSJ2,LSJ2,N2,LSJ2,N2,N2,LSJ2,N2,N2,N2,LSJ2,LSJ2,LSJ2,N2,LSJ2,LSJ2,LSJ2,N2,LSJ2,LSJ2,N2,N2,N2,N2,N2,N2,N2,N2,N2,LSJ2,LSJ2,LSJ2,N2,N2,LSJ2,N2,LSJ2,N2,LSJ2,N2,N2,N2,LSJ2,N2,LSJ2,N2,LSJ2,N2,N2,N2,LSJ2
LSJ2_N2_I_14796971,CHROMOSOME_I,14.796971,LSJ2,N2,LSJ2,LSJ2,N2,N2,N2,LSJ2,N2,LSJ2,LSJ2,N2,N2,N2,LSJ2,LSJ2,N2,LSJ2,N2,N2,LSJ2,LSJ2,N2,N2,N2,LSJ2,N2,LSJ2,N2,LSJ2,N2,N2,N2,LSJ2,N2,LSJ2,LSJ2,N2,LSJ2,LSJ2,LSJ2,N2,N2,N2,N2,LSJ2,LSJ2,N2,LSJ2,LSJ2,N2,LSJ2,N2,N2,N2,LSJ2,LSJ2,LSJ2,N2,LSJ2,LSJ2,N2,N2,LSJ2,LSJ2,N2,N2,N2,N2,N2,LSJ2,N2,N2,N2,N2,LSJ2,LSJ2,N2,N2,LSJ2,N2,LSJ2,LSJ2,LSJ2,LSJ2,N2,N2,LSJ2,N2,LSJ2,N2,LSJ2,N2,N2,LSJ2,LSJ2
LSJ2_N2_II_22469,CHROMOSOME_II,0.022469,LSJ2,N2,N2,LSJ2,LSJ2,N2,LSJ2,LSJ2,N2,LSJ2,N2,LSJ2,N2,N2,N2,N2,N2,N2,N2,LSJ2,N2,N2,LSJ2,N2,LSJ2,LSJ2,N2,LSJ2,N2,N2,LSJ2,LSJ2,LSJ2,LSJ2,N2,LSJ2,N2,LSJ2,LSJ2,LSJ2,N2,LSJ2,LSJ2,LSJ2,N2,LSJ2,LSJ2,LSJ2,LSJ2,N2,N2,LSJ2,LSJ2,N2,LSJ2,N2,LSJ2,LSJ2,N2,N2,LSJ2,LSJ2,N2,N2,LSJ2,LSJ2,N2,N2,N2,N2,LSJ2,LSJ2,LSJ2,N2,LSJ2,LSJ2,N2,LSJ2,LSJ2,LSJ2,N2,LSJ2,N2,N2,N2,LSJ2,N2,N2,LSJ2,N2,LSJ2,N2,LSJ2,N2,LSJ2,N2
LSJ2_N2_II_102603,CHROMOSOME_II,0.102603,LSJ2,N2,N2,LSJ2,LSJ2,N2,LSJ2,LSJ2,N2,LSJ2,N2,LSJ2,N2,N2,N2,N2,N2,N2,N2,LSJ2,N2,N2,LSJ2,N2,LSJ2,LSJ2,N2,LSJ2,N2,N2,LSJ2,LSJ2,LSJ2,LSJ2,N2,LSJ2,N2,LSJ2,LSJ2,LSJ2,N2,LSJ2,LSJ2,LSJ2,N2,LSJ2,LSJ2,LSJ2,LSJ2,N2,N2,LSJ2,LSJ2,N2,LSJ2,N2,LSJ2,LSJ2,N2,N2,LSJ2,LSJ2,N2,N2,LSJ2,LSJ2,N2,N2,N2,N2,LSJ2,LSJ2,LSJ2,N2,LSJ2,LSJ2,N2,LSJ2,LSJ2,LSJ2,N2,LSJ2,N2,N2,N2,LSJ2,N2,N2,LSJ2,N2,LSJ2,N2,LSJ2,N2,LSJ2,N2
LSJ2_N2_II_704809,CHROMOSOME_II,0.704809,LSJ2,N2,N2,LSJ2,LSJ2,N2,LSJ2,LSJ2,N2,LSJ2,N2,LSJ2,N2,N2,N2,N2,N2,N2,N2,LSJ2,N2,N2,LSJ2,N2,LSJ2,LSJ2,N2,LSJ2,N2,N2,LSJ2,LSJ2,LSJ2,LSJ2,N2,LSJ2,N2,LSJ2,LSJ2,LSJ2,N2,LSJ2,LSJ2,LSJ2,N2,LSJ2,LSJ2,LSJ2,LSJ2,N2,N2,LSJ2,LSJ2,N2,LSJ2,N2,LSJ2,LSJ2,N2,N2,LSJ2,LSJ2,N2,N2,LSJ2,LSJ2,N2,N2,N2,N2,LSJ2,LSJ2,LSJ2,N2,LSJ2,LSJ2,N2,LSJ2,LSJ2,LSJ2,N2,LSJ2,N2,N2,N2,LSJ2,N2,N2,LSJ2,N2,LSJ2,N2,LSJ2,N2,LSJ2,N2
LSJ2_N2_II_809621,CHROMOSOME_II,0.809621,LSJ2,N2,N2,LSJ2,LSJ2,N2,LSJ2,LSJ2,N2,LSJ2,N2,LSJ2,N2,N2,N2,N2,N2,N2,N2,LSJ2,N2,N2,LSJ2,N2,LSJ2,LSJ2,N2,LSJ2,N2,N2,LSJ2,LSJ2,LSJ2,LSJ2,N2,LSJ2,N2,LSJ2,LSJ2,LSJ2,N2,LSJ2,LSJ2,LSJ2,N2,LSJ2,LSJ2,LSJ2,LSJ2,N2,N2,LSJ2,LSJ2,N2,LSJ2,N2,LSJ2,LSJ2,N2,N2,LSJ2,LSJ2,N2,N2,LSJ2,LSJ2,N2,N2,N2,N2,LSJ2,LSJ2,LSJ2,N2,LSJ2,LSJ2,N2,LSJ2,LSJ2,LSJ2,N2,LSJ2,N2,N2,N2,LSJ2,N2,N2,LSJ2,N2,LSJ2,N2,LSJ2,N2,LSJ2,N2
LSJ2_N2_II_1093728,CHROMOSOME_II,1.093728,LSJ2,N2,N2,LSJ2,LSJ2,N2,LSJ2,LSJ2,N2,LSJ2,N2,LSJ2,N2,N2,LSJ2,N2,N2,N2,N2,LSJ2,N2,N2,LSJ2,N2,LSJ2,LSJ2,N2,LSJ2,N2,N2,LSJ2,LSJ2,LSJ2,LSJ2,N2,None,N2,LSJ2,LSJ2,LSJ2,N2,LSJ2,LSJ2,LSJ2,N2,LSJ2,LSJ2,LSJ2,LSJ2,N2,N2,LSJ2,LSJ2,N2,LSJ2,N2,LSJ2,LSJ2,N2,N2,LSJ2,LSJ2,N2,N2,LSJ2,LSJ2,N2,N2,N2,N2,LSJ2,LSJ2,LSJ2,N2,LSJ2,LSJ2,N2,LSJ2,LSJ2,LSJ2,N2,LSJ2,N2,N2,N2,N2,N2,N2,LSJ2,N2,LSJ2,N2,LSJ2,N2,LSJ2,N2
LSJ2_N2_II_2346930,CHROMOSOME_II,2.34693,LSJ2,N2,N2,LSJ2,LSJ2,LSJ2,LSJ2,LSJ2,LSJ2,LSJ2,N2,LSJ2,N2,N2,LSJ2,N2,N2,N2,N2,LSJ2,N2,N2,LSJ2,N2,N2,LSJ2,N2,LSJ2,N2,N2,LSJ2,LSJ2,LSJ2,LSJ2,N2,N2,N2,LSJ2,LSJ2,LSJ2,N2,LSJ2,LSJ2,LSJ2,N2,LSJ2,N2,LSJ2,LSJ2,N2,N2,N2,LSJ2,N2,LSJ2,N2,LSJ2,LSJ2,N2,N2,LSJ2,LSJ2,N2,N2,LSJ2,N2,LSJ2,N2,N2,N2,LSJ2,LSJ2,LSJ2,N2,LSJ2,LSJ2,N2,LSJ2,LSJ2,LSJ2,N2,LSJ2,LSJ2,N2,N2,N2,N2,N2,LSJ2,N2,LSJ2,N2,LSJ2,N2,LSJ2,N2
LSJ2_N2_II_2396167,CHROMOSOME_II,2.396167,LSJ2,N2,N2,LSJ2,LSJ2,LSJ2,LSJ2,LSJ2,LSJ2,LSJ2,N2,LSJ2,N2,N2,LSJ2,N2,N2,N2,N2,LSJ2,N2,N2,LSJ2,N2,N2,LSJ2,N2,LSJ2,N2,N2,LSJ2,LSJ2,LSJ2,LSJ2,N2,N2,N2,LSJ2,LSJ2,LSJ2,N2,LSJ2,LSJ2,LSJ2,N2,N2,N2,LSJ2,LSJ2,N2,N2,N2,LSJ2,N2,LSJ2,N2,LSJ2,LSJ2,N2,N2,LSJ2,LSJ2,N2,N2,LSJ2,N2,LSJ2,N2,N2,N2,LSJ2,LSJ2,LSJ2,N2,LSJ2,LSJ2,N2,LSJ2,LSJ2,LSJ2,N2,LSJ2,LSJ2,N2,N2,N2,N2,N2,LSJ2,N2,LSJ2,N2,LSJ2,N2,LSJ2,N2
LSJ2_N2_II_2481778,CHROMOSOME_II,2.481778,LSJ2,N2,N2,LSJ2,LSJ2,LSJ2,LSJ2,LSJ2,LSJ2,LSJ2,N2,LSJ2,N2,N2,LSJ2,N2,N2,N2,N2,LSJ2,N2,N2,LSJ2,N2,N2,LSJ2,N2,LSJ2,N2,N2,LSJ2,LSJ2,LSJ2,LSJ2,N2,N2,N2,LSJ2,LSJ2,LSJ2,N2,LSJ2,LSJ2,LSJ2,N2,N2,N2,LSJ2,LSJ2,N2,N2,N2,LSJ2,N2,LSJ2,N2,LSJ2,N2,N2,N2,LSJ2,LSJ2,N2,N2,LSJ2,N2,LSJ2,N2,N2,N2,LSJ2,LSJ2,LSJ2,N2,LSJ2,LSJ2,N2,LSJ2,LSJ2,LSJ2,N2,LSJ2,LSJ2,N2,N2,N2,N2,N2,LSJ2,N2,LSJ2,N2,LSJ2,N2,LSJ2,N2
LSJ2_N2_II_3551202,CHROMOSOME_II,3.551202,LSJ2,N2,N2,N2,N2,LSJ2,LSJ2,LSJ2,LSJ2,LSJ2,N2,LSJ2,LSJ2,N2,N2,N2,LSJ2,N2,N2,LSJ2,N2,N2,LSJ2,N2,N2,LSJ2,N2,LSJ2,N2,N2,LSJ2,LSJ2,LSJ2,N2,N2,N2,N2,LSJ2,LSJ2,LSJ2,N2,LSJ2,N2,N2,N2,N2,N2,LSJ2,LSJ2,LSJ2,LSJ2,N2,LSJ2,N2,LSJ2,N2,LSJ2,N2,N2,N2,LSJ2,N2,N2,LSJ2,LSJ2,N2,LSJ2,N2,N2,N2,LSJ2,LSJ2,LSJ2,N2,LSJ2,LSJ2,N2,LSJ2,LSJ2,LSJ2,LSJ2,LSJ2,LSJ2,N2,N2,N2,N2,N2,LSJ2,N2,LSJ2,N2,LSJ2,N2,LSJ2,N2
LSJ2_N2_II_4821506,CHROMOSOME_II,4.821506,LSJ2,N2,N2,N2,N2,LSJ2,N2,LSJ2,LSJ2,LSJ2,N2,LSJ2,LSJ2,N2,N2,N2,LSJ2,N2,N2,LSJ2,N2,N2,LSJ2,N2,N2,LSJ2,N2,LSJ2,N2,N2,LSJ2,LSJ2,LSJ2,LSJ2,N2,N2,N2,LSJ2,N2,LSJ2,N2,N2,N2,N2,N2,N2,N2,LSJ2,LSJ2,LSJ2,LSJ2,N2,LSJ2,N2,LSJ2,N2,LSJ2,N2,N2,N2,LSJ2,N2,N2,LSJ2,LSJ2,N2,LSJ2,N2,N2,N2,LSJ2,LSJ2,LSJ2,N2,LSJ2,LSJ2,N2,LSJ2,N2,LSJ2,LSJ2,LSJ2,LSJ2,N2,N2,N2,N2,N2,LSJ2,N2,LSJ2,N2,LSJ2,N2,LSJ2,N2
LSJ2_N2_II_5601337,CHROMOSOME_II,5.601337,LSJ2,N2,N2,N2,N2,LSJ2,N2,LSJ2,LSJ2,LSJ2,N2,LSJ2,LSJ2,N2,N2,N2,LSJ2,N2,N2,LSJ2,N2,N2,LSJ2,N2,N2,LSJ2,N2,LSJ2,N2,N2,LSJ2,LSJ2,LSJ2,LSJ2,N2,N2,N2,LSJ2,N2,LSJ2,N2,N2,N2,N2,N2,N2,N2,LSJ2,LSJ2,LSJ2,LSJ2,N2,LSJ2,N2,LSJ2,N2,LSJ2,N2,N2,N2,LSJ2,N2,N2,LSJ2,LSJ2,N2,LSJ2,N2,N2,N2,LSJ2,LSJ2,LSJ2,N2,LSJ2,LSJ2,N2,LSJ2,N2,LSJ2,LSJ2,LSJ2,LSJ2,N2,N2,N2,N2,N2,LSJ2,N2,LSJ2,N2,LSJ2,N2,LSJ2,N2
LSJ2_N2_II_6136222,CHROMOSOME_II,6.136222,LSJ2,N2,N2,N2,N2,LSJ2,N2,LSJ2,LSJ2,LSJ2,N2,LSJ2,LSJ2,N2,N2,N2,LSJ2,N2,LSJ2,LSJ2,N2,N2,LSJ2,N2,N2,LSJ2,N2,LSJ2,N2,N2,LSJ2,LSJ2,LSJ2,LSJ2,N2,N2,N2,LSJ2,N2,LSJ2,N2,N2,N2,N2,N2,N2,N2,LSJ2,LSJ2,LSJ2,LSJ2,N2,LSJ2,N2,LSJ2,N2,LSJ2,N2,N2,N2,LSJ2,N2,N2,LSJ2,LSJ2,N2,LSJ2,N2,N2,N2,LSJ2,LSJ2,LSJ2,N2,LSJ2,LSJ2,N2,LSJ2,N2,LSJ2,LSJ2,LSJ2,LSJ2,N2,N2,N2,N2,N2,LSJ2,N2,LSJ2,N2,LSJ2,N2,LSJ2,N2
LSJ2_N2_II_6170306,CHROMOSOME_II,6.170306,LSJ2,N2,N2,N2,N2,LSJ2,N2,LSJ2,LSJ2,LSJ2,N2,LSJ2,LSJ2,N2,N2,N2,LSJ2,N2,LSJ2,LSJ2,N2,N2,LSJ2,N2,N2,LSJ2,N2,LSJ2,N2,N2,LSJ2,LSJ2,LSJ2,LSJ2,N2,N2,N2,LSJ2,N2,LSJ2,N2,N2,N2,N2,N2,N2,N2,LSJ2,LSJ2,LSJ2,LSJ2,N2,LSJ2,N2,LSJ2,N2,LSJ2,N2,N2,N2,LSJ2,N2,N2,LSJ2,LSJ2,N2,LSJ2,N2,N2,N2,LSJ2,LSJ2,LSJ2,N2,LSJ2,LSJ2,N2,LSJ2,N2,LSJ2,LSJ2,LSJ2,LSJ2,N2,N2,N2,N2,N2,LSJ2,N2,LSJ2,N2,LSJ2,N2,LSJ2,N2
LSJ2_N2_II_6781545,CHROMOSOME_II,6.781545,LSJ2,N2,N2,N2,N2,LSJ2,N2,LSJ2,LSJ2,LSJ2,N2,LSJ2,LSJ2,N2,N2,N2,LSJ2,N2,LSJ2,LSJ2,N2,N2,LSJ2,N2,N2,LSJ2,N2,LSJ2,N2,N2,LSJ2,LSJ2,LSJ2,LSJ2,N2,N2,N2,LSJ2,N2,LSJ2,N2,N2,N2,N2,N2,N2,N2,LSJ2,LSJ2,LSJ2,LSJ2,N2,LSJ2,N2,LSJ2,N2,LSJ2,N2,N2,N2,LSJ2,N2,N2,LSJ2,LSJ2,N2,LSJ2,N2,N2,N2,LSJ2,LSJ2,LSJ2,N2,LSJ2,LSJ2,N2,LSJ2,N2,LSJ2,LSJ2,LSJ2,LSJ2,N2,N2,N2,N2,N2,LSJ2,N2,LSJ2,N2,LSJ2,N2,LSJ2,N2
LSJ2_N2_II_7083616,CHROMOSOME_II,7.083616,LSJ2,N2,N2,N2,N2,LSJ2,N2,LSJ2,LSJ2,LSJ2,N2,LSJ2,LSJ2,N2,N2,N2,LSJ2,N2,LSJ2,LSJ2,N2,N2,LSJ2,N2,N2,LSJ2,N2,LSJ2,N2,N2,LSJ2,LSJ2,LSJ2,LSJ2,N2,N2,N2,LSJ2,N2,LSJ2,N2,N2,N2,N2,N2,N2,N2,LSJ2,LSJ2,LSJ2,LSJ2,N2,LSJ2,N2,LSJ2,N2,LSJ2,N2,N2,N2,LSJ2,N2,N2,LSJ2,LSJ2,N2,LSJ2,N2,N2,N2,LSJ2,LSJ2,LSJ2,N2,LSJ2,LSJ2,N2,LSJ2,N2,LSJ2,LSJ2,LSJ2,LSJ2,N2,N2,N2,N2,N2,LSJ2,N2,LSJ2,N2,LSJ2,N2,LSJ2,N2
LSJ2_N2_II_7181375,CHROMOSOME_II,7.181375,LSJ2,N2,N2,N2,N2,LSJ2,N2,LSJ2,LSJ2,LSJ2,N2,LSJ2,LSJ2,N2,N2,N2,LSJ2,N2,LSJ2,LSJ2,N2,N2,LSJ2,N2,N2,LSJ2,N2,LSJ2,N2,N2,LSJ2,LSJ2,LSJ2,LSJ2,N2,N2,N2,LSJ2,N2,LSJ2,N2,N2,N2,N2,N2,N2,N2,LSJ2,LSJ2,LSJ2,LSJ2,N2,LSJ2,N2,LSJ2,N2,LSJ2,N2,N2,N2,LSJ2,N2,N2,LSJ2,LSJ2,N2,LSJ2,N2,N2,N2,LSJ2,LSJ2,LSJ2,N2,LSJ2,LSJ2,N2,LSJ2,N2,LSJ2,LSJ2,LSJ2,LSJ2,N2,N2,N2,N2,N2,LSJ2,N2,LSJ2,N2,LSJ2,N2,LSJ2,N2
LSJ2_N2_II_9178587,CHROMOSOME_II,9.178587,LSJ2,N2,N2,N2,N2,LSJ2,N2,LSJ2,LSJ2,LSJ2,N2,LSJ2,LSJ2,LSJ2,N2,N2,LSJ2,N2,LSJ2,LSJ2,N2,N2,LSJ2,N2,N2,LSJ2,N2,LSJ2,N2,N2,LSJ2,LSJ2,LSJ2,LSJ2,N2,N2,N2,LSJ2,N2,LSJ2,N2,N2,N2,N2,N2,N2,N2,LSJ2,N2,LSJ2,LSJ2,N2,LSJ2,N2,LSJ2,N2,LSJ2,N2,N2,N2,LSJ2,N2,N2,LSJ2,LSJ2,N2,LSJ2,N2,N2,N2,LSJ2,LSJ2,LSJ2,N2,LSJ2,LSJ2,N2,LSJ2,N2,LSJ2,LSJ2,LSJ2,LSJ2,N2,N2,N2,N2,N2,LSJ2,N2,LSJ2,N2,LSJ2,N2,LSJ2,N2
LSJ2_N2_II_9657592,CHROMOSOME_II,9.657592,LSJ2,N2,N2,N2,N2,LSJ2,N2,LSJ2,LSJ2,LSJ2,N2,LSJ2,LSJ2,LSJ2,N2,N2,LSJ2,N2,LSJ2,LSJ2,N2,N2,LSJ2,N2,N2,LSJ2,N2,LSJ2,N2,N2,LSJ2,LSJ2,LSJ2,LSJ2,N2,N2,N2,LSJ2,N2,LSJ2,N2,N2,N2,N2,N2,N2,N2,LSJ2,N2,LSJ2,LSJ2,N2,LSJ2,N2,LSJ2,N2,LSJ2,N2,N2,N2,LSJ2,N2,N2,LSJ2,LSJ2,N2,LSJ2,N2,N2,N2,LSJ2,LSJ2,LSJ2,N2,LSJ2,LSJ2,N2,LSJ2,N2,LSJ2,LSJ2,LSJ2,LSJ2,N2,N2,N2,N2,N2,LSJ2,N2,LSJ2,N2,LSJ2,N2,LSJ2,N2
LSJ2_N2_II_10750971,CHROMOSOME_II,10.750971,LSJ2,N2,N2,N2,N2,LSJ2,N2,LSJ2,LSJ2,LSJ2,N2,LSJ2,LSJ2,LSJ2,N2,N2,LSJ2,N2,LSJ2,LSJ2,N2,N2,LSJ2,N2,N2,LSJ2,N2,LSJ2,N2,N2,LSJ2,LSJ2,LSJ2,LSJ2,N2,N2,N2,LSJ2,N2,LSJ2,N2,N2,N2,N2,N2,N2,N2,LSJ2,N2,LSJ2,LSJ2,N2,LSJ2,N2,LSJ2,N2,LSJ2,N2,N2,N2,LSJ2,N2,N2,LSJ2,LSJ2,N2,LSJ2,N2,N2,N2,LSJ2,LSJ2,LSJ2,N2,LSJ2,LSJ2,N2,LSJ2,N2,LSJ2,LSJ2,LSJ2,LSJ2,N2,N2,N2,N2,N2,LSJ2,N2,LSJ2,N2,N2,N2,LSJ2,N2
LSJ2_N2_II_10837723,CHROMOSOME_II,10.837723,LSJ2,N2,N2,N2,N2,LSJ2,N2,LSJ2,LSJ2,LSJ2,N2,LSJ2,LSJ2,LSJ2,N2,N2,LSJ2,N2,LSJ2,LSJ2,N2,N2,LSJ2,N2,N2,LSJ2,N2,LSJ2,N2,N2,LSJ2,LSJ2,LSJ2,LSJ2,N2,N2,N2,LSJ2,N2,LSJ2,N2,N2,N2,N2,N2,N2,N2,LSJ2,N2,LSJ2,LSJ2,N2,LSJ2,N2,LSJ2,N2,LSJ2,N2,N2,N2,LSJ2,N2,N2,LSJ2,LSJ2,N2,LSJ2,N2,N2,N2,LSJ2,LSJ2,LSJ2,N2,LSJ2,LSJ2,N2,LSJ2,N2,LSJ2,LSJ2,LSJ2,LSJ2,N2,N2,N2,N2,N2,LSJ2,N2,LSJ2,N2,N2,N2,LSJ2,N2
LSJ2_N2_II_11062755,CHROMOSOME_II,11.062755,LSJ2,N2,N2,N2,N2,LSJ2,N2,LSJ2,LSJ2,LSJ2,N2,LSJ2,LSJ2,LSJ2,N2,N2,LSJ2,N2,LSJ2,LSJ2,N2,N2,LSJ2,N2,N2,LSJ2,N2,LSJ2,N2,N2,LSJ2,LSJ2,LSJ2,LSJ2,N2,N2,N2,LSJ2,N2,LSJ2,N2,N2,N2,N2,N2,N2,N2,LSJ2,N2,LSJ2,LSJ2,N2,LSJ2,N2,LSJ2,N2,LSJ2,N2,N2,N2,LSJ2,N2,N2,LSJ2,LSJ2,N2,LSJ2,N2,N2,N2,LSJ2,LSJ2,LSJ2,N2,LSJ2,N2,N2,LSJ2,LSJ2,LSJ2,LSJ2,LSJ2,LSJ2,N2,N2,N2,N2,N2,LSJ2,N2,LSJ2,N2,N2,N2,LSJ2,N2
LSJ2_N2_II_12189092,CHROMOSOME_II,12.189092,LSJ2,N2,N2,N2,N2,LSJ2,N2,LSJ2,LSJ2,LSJ2,LSJ2,LSJ2,LSJ2,LSJ2,N2,N2,LSJ2,N2,LSJ2,LSJ2,N2,N2,N2,N2,N2,LSJ2,N2,LSJ2,N2,N2,LSJ2,LSJ2,LSJ2,LSJ2,N2,LSJ2,N2,LSJ2,LSJ2,LSJ2,N2,N2,N2,N2,N2,N2,N2,LSJ2,N2,LSJ2,LSJ2,N2,LSJ2,N2,LSJ2,N2,LSJ2,N2,N2,N2,LSJ2,N2,N2,LSJ2,LSJ2,N2,LSJ2,N2,N2,N2,LSJ2,N2,N2,N2,LSJ2,N2,N2,LSJ2,LSJ2,LSJ2,LSJ2,LSJ2,LSJ2,N2,N2,N2,N2,N2,LSJ2,N2,LSJ2,N2,N2,N2,LSJ2,N2
LSJ2_N2_II_12232153,CHROMOSOME_II,12.232153,LSJ2,N2,N2,N2,N2,LSJ2,N2,LSJ2,LSJ2,LSJ2,LSJ2,LSJ2,LSJ2,LSJ2,N2,N2,LSJ2,N2,N2,LSJ2,N2,N2,N2,N2,N2,LSJ2,N2,LSJ2,LSJ2,N2,LSJ2,LSJ2,LSJ2,LSJ2,N2,LSJ2,N2,LSJ2,LSJ2,LSJ2,N2,N2,N2,N2,N2,N2,N2,LSJ2,N2,LSJ2,LSJ2,N2,LSJ2,N2,LSJ2,N2,LSJ2,N2,N2,N2,LSJ2,N2,N2,LSJ2,LSJ2,N2,LSJ2,N2,N2,N2,LSJ2,N2,N2,N2,LSJ2,N2,N2,LSJ2,LSJ2,LSJ2,LSJ2,LSJ2,LSJ2,N2,N2,N2,N2,N2,LSJ2,N2,LSJ2,N2,N2,N2,LSJ2,N2
LSJ2_N2_II_12420841,CHROMOSOME_II,12.420841,LSJ2,N2,N2,N2,N2,LSJ2,N2,LSJ2,LSJ2,LSJ2,LSJ2,LSJ2,LSJ2,LSJ2,N2,N2,LSJ2,N2,LSJ2,N2,N2,N2,N2,N2,N2,LSJ2,N2,LSJ2,N2,N2,LSJ2,LSJ2,LSJ2,LSJ2,N2,LSJ2,N2,LSJ2,LSJ2,LSJ2,N2,N2,N2,N2,N2,N2,N2,LSJ2,N2,LSJ2,LSJ2,N2,LSJ2,N2,LSJ2,N2,LSJ2,N2,N2,N2,LSJ2,N2,LSJ2,LSJ2,LSJ2,LSJ2,LSJ2,N2,N2,N2,LSJ2,N2,N2,N2,LSJ2,N2,N2,LSJ2,LSJ2,LSJ2,LSJ2,LSJ2,LSJ2,N2,N2,N2,N2,N2,LSJ2,N2,LSJ2,N2,N2,N2,LSJ2,N2
LSJ2_N2_II_12730042,CHROMOSOME_II,12.730042,LSJ2,N2,N2,N2,N2,LSJ2,N2,LSJ2,LSJ2,LSJ2,LSJ2,LSJ2,LSJ2,LSJ2,N2,N2,LSJ2,N2,LSJ2,N2,N2,N2,N2,N2,N2,LSJ2,N2,LSJ2,N2,N2,LSJ2,N2,LSJ2,LSJ2,N2,LSJ2,N2,LSJ2,LSJ2,LSJ2,N2,N2,N2,N2,LSJ2,N2,N2,LSJ2,N2,LSJ2,LSJ2,N2,LSJ2,LSJ2,LSJ2,N2,LSJ2,N2,LSJ2,N2,LSJ2,N2,LSJ2,LSJ2,LSJ2,LSJ2,LSJ2,N2,N2,N2,LSJ2,LSJ2,N2,N2,LSJ2,N2,N2,LSJ2,LSJ2,LSJ2,LSJ2,LSJ2,LSJ2,N2,N2,N2,N2,N2,LSJ2,N2,LSJ2,N2,N2,N2,LSJ2,N2
LSJ2_N2_II_14300115,CHROMOSOME_II,14.300115,LSJ2,N2,N2,N2,N2,N2,N2,N2,LSJ2,LSJ2,LSJ2,LSJ2,LSJ2,LSJ2,N2,LSJ2,LSJ2,N2,LSJ2,N2,LSJ2,N2,N2,N2,N2,LSJ2,LSJ2,LSJ2,LSJ2,N2,LSJ2,N2,N2,N2,N2,N2,N2,LSJ2,LSJ2,LSJ2,N2,N2,N2,N2,LSJ2,N2,N2,LSJ2,N2,LSJ2,LSJ2,N2,LSJ2,LSJ2,LSJ2,N2,LSJ2,N2,LSJ2,LSJ2,LSJ2,LSJ2,N2,N2,LSJ2,LSJ2,LSJ2,N2,N2,N2,LSJ2,LSJ2,N2,LSJ2,LSJ2,N2,N2,LSJ2,LSJ2,LSJ2,LSJ2,LSJ2,N2,N2,N2,N2,N2,N2,LSJ2,N2,LSJ2,N2,N2,N2,LSJ2,N2
LSJ2_N2_nurf-1,CHROMOSOME_II,14.408,LSJ2,N2,N2,N2,N2,N2,N2,N2,LSJ2,LSJ2,LSJ2,LSJ2,LSJ2,LSJ2,N2,LSJ2,LSJ2,N2,LSJ2,N2,LSJ2,N2,N2,N2,N2,LSJ2,LSJ2,LSJ2,LSJ2,N2,LSJ2,N2,N2,N2,N2,N2,N2,LSJ2,LSJ2,LSJ2,N2,N2,N2,N2,LSJ2,N2,N2,LSJ2,N2,LSJ2,LSJ2,N2,LSJ2,LSJ2,LSJ2,N2,LSJ2,N2,LSJ2,LSJ2,LSJ2,N2,N2,N2,LSJ2,LSJ2,LSJ2,N2,N2,N2,LSJ2,LSJ2,N2,LSJ2,LSJ2,N2,N2,LSJ2,LSJ2,LSJ2,LSJ2,LSJ2,N2,N2,N2,N2,N2,N2,LSJ2,N2,LSJ2,N2,N2,N2,LSJ2,N2
LSJ2_N2_II_15143138,CHROMOSOME_II,15.143138,LSJ2,N2,N2,N2,N2,N2,N2,N2,LSJ2,LSJ2,LSJ2,LSJ2,LSJ2,LSJ2,N2,LSJ2,LSJ2,N2,LSJ2,N2,LSJ2,N2,N2,N2,N2,LSJ2,LSJ2,LSJ2,LSJ2,N2,LSJ2,N2,N2,N2,N2,N2,N2,LSJ2,LSJ2,LSJ2,N2,N2,N2,N2,LSJ2,N2,N2,LSJ2,N2,LSJ2,LSJ2,N2,LSJ2,LSJ2,LSJ2,N2,LSJ2,N2,LSJ2,LSJ2,LSJ2,N2,N2,N2,LSJ2,LSJ2,LSJ2,N2,N2,N2,LSJ2,LSJ2,N2,LSJ2,N2,N2,N2,LSJ2,LSJ2,LSJ2,LSJ2,LSJ2,N2,N2,N2,N2,N2,N2,LSJ2,N2,LSJ2,N2,N2,N2,LSJ2,N2
LSJ2_N2_III_336186,CHROMOSOME_III,0.336186,LSJ2,N2,LSJ2,N2,N2,N2,LSJ2,LSJ2,N2,N2,LSJ2,N2,N2,N2,N2,N2,N2,N2,N2,LSJ2,N2,LSJ2,N2,N2,LSJ2,LSJ2,LSJ2,LSJ2,N2,LSJ2,N2,N2,N2,N2,N2,LSJ2,LSJ2,LSJ2,N2,LSJ2,N2,LSJ2,N2,N2,LSJ2,N2,LSJ2,N2,LSJ2,N2,LSJ2,LSJ2,N2,LSJ2,N2,N2,LSJ2,N2,N2,LSJ2,LSJ2,N2,LSJ2,N2,N2,N2,LSJ2,N2,N2,N2,LSJ2,LSJ2,LSJ2,N2,N2,LSJ2,LSJ2,LSJ2,LSJ2,LSJ2,LSJ2,LSJ2,LSJ2,LSJ2,N2,N2,LSJ2,N2,N2,N2,N2,LSJ2,N2,LSJ2,N2,LSJ2
LSJ2_N2_III_502009,CHROMOSOME_III,0.502009,LSJ2,N2,LSJ2,N2,N2,N2,LSJ2,LSJ2,N2,N2,LSJ2,N2,N2,N2,N2,N2,N2,N2,N2,LSJ2,N2,LSJ2,N2,N2,LSJ2,LSJ2,LSJ2,LSJ2,N2,LSJ2,N2,N2,N2,N2,N2,LSJ2,LSJ2,LSJ2,N2,LSJ2,N2,LSJ2,N2,N2,LSJ2,N2,LSJ2,N2,LSJ2,N2,LSJ2,LSJ2,N2,LSJ2,N2,N2,LSJ2,N2,N2,LSJ2,LSJ2,N2,LSJ2,N2,N2,N2,LSJ2,N2,N2,N2,LSJ2,LSJ2,LSJ2,N2,N2,LSJ2,LSJ2,LSJ2,LSJ2,LSJ2,LSJ2,LSJ2,LSJ2,LSJ2,N2,N2,LSJ2,N2,N2,N2,N2,LSJ2,N2,LSJ2,N2,LSJ2
LSJ2_N2_III_1879541,CHROMOSOME_III,1.879541,LSJ2,N2,LSJ2,LSJ2,N2,N2,LSJ2,LSJ2,LSJ2,N2,LSJ2,N2,N2,N2,N2,N2,N2,N2,N2,LSJ2,N2,LSJ2,N2,N2,LSJ2,LSJ2,LSJ2,LSJ2,N2,N2,LSJ2,N2,N2,LSJ2,N2,LSJ2,LSJ2,LSJ2,N2,LSJ2,N2,LSJ2,LSJ2,N2,LSJ2,N2,LSJ2,N2,LSJ2,N2,LSJ2,LSJ2,N2,LSJ2,N2,N2,LSJ2,LSJ2,N2,LSJ2,LSJ2,None,LSJ2,N2,N2,N2,LSJ2,N2,N2,N2,LSJ2,LSJ2,LSJ2,N2,N2,LSJ2,LSJ2,N2,N2,LSJ2,LSJ2,LSJ2,LSJ2,LSJ2,N2,N2,LSJ2,N2,N2,N2,N2,LSJ2,N2,LSJ2,N2,LSJ2
LSJ2_N2_III_2132879,CHROMOSOME_III,2.132879,LSJ2,N2,LSJ2,LSJ2,N2,N2,LSJ2,LSJ2,LSJ2,N2,LSJ2,N2,N2,N2,N2,N2,N2,N2,N2,LSJ2,N2,LSJ2,N2,N2,LSJ2,LSJ2,LSJ2,LSJ2,N2,N2,LSJ2,N2,N2,LSJ2,N2,LSJ2,LSJ2,LSJ2,N2,LSJ2,N2,LSJ2,LSJ2,N2,LSJ2,N2,LSJ2,N2,LSJ2,N2,LSJ2,LSJ2,N2,LSJ2,N2,N2,LSJ2,LSJ2,N2,LSJ2,LSJ2,LSJ2,LSJ2,N2,N2,N2,LSJ2,N2,N2,N2,LSJ2,LSJ2,LSJ2,N2,N2,LSJ2,LSJ2,N2,N2,LSJ2,LSJ2,LSJ2,LSJ2,LSJ2,LSJ2,N2,LSJ2,N2,N2,N2,N2,LSJ2,N2,LSJ2,N2,LSJ2
LSJ2_N2_III_2187048,CHROMOSOME_III,2.187048,LSJ2,N2,LSJ2,LSJ2,N2,N2,LSJ2,LSJ2,LSJ2,N2,LSJ2,N2,N2,N2,N2,N2,N2,N2,N2,LSJ2,LSJ2,LSJ2,N2,N2,LSJ2,LSJ2,LSJ2,LSJ2,N2,N2,LSJ2,N2,N2,LSJ2,N2,LSJ2,LSJ2,LSJ2,N2,LSJ2,N2,LSJ2,LSJ2,N2,LSJ2,N2,LSJ2,N2,LSJ2,N2,LSJ2,LSJ2,N2,LSJ2,N2,N2,LSJ2,LSJ2,LSJ2,LSJ2,LSJ2,LSJ2,LSJ2,N2,N2,N2,LSJ2,N2,N2,N2,LSJ2,LSJ2,LSJ2,N2,N2,N2,LSJ2,N2,N2,LSJ2,LSJ2,LSJ2,LSJ2,LSJ2,LSJ2,N2,LSJ2,N2,N2,N2,N2,LSJ2,N2,LSJ2,N2,LSJ2
LSJ2_N2_III_2379540,CHROMOSOME_III,2.37954,LSJ2,N2,LSJ2,LSJ2,N2,N2,LSJ2,LSJ2,LSJ2,N2,LSJ2,N2,N2,N2,N2,N2,N2,N2,N2,LSJ2,LSJ2,LSJ2,LSJ2,N2,LSJ2,LSJ2,LSJ2,LSJ2,N2,LSJ2,LSJ2,N2,N2,LSJ2,N2,LSJ2,LSJ2,LSJ2,N2,LSJ2,N2,LSJ2,LSJ2,N2,LSJ2,N2,LSJ2,N2,LSJ2,N2,LSJ2,LSJ2,N2,LSJ2,N2,N2,LSJ2,LSJ2,LSJ2,LSJ2,LSJ2,None,LSJ2,N2,LSJ2,N2,LSJ2,N2,N2,N2,LSJ2,LSJ2,LSJ2,LSJ2,N2,N2,LSJ2,N2,N2,LSJ2,LSJ2,LSJ2,N2,LSJ2,LSJ2,N2,LSJ2,N2,N2,N2,N2,LSJ2,N2,LSJ2,N2,LSJ2
LSJ2_N2_III_2627504,CHROMOSOME_III,2.627504,LSJ2,N2,LSJ2,LSJ2,N2,N2,LSJ2,LSJ2,LSJ2,N2,LSJ2,N2,N2,N2,LSJ2,N2,LSJ2,N2,N2,LSJ2,LSJ2,N2,LSJ2,N2,LSJ2,N2,LSJ2,LSJ2,N2,LSJ2,LSJ2,N2,N2,LSJ2,N2,LSJ2,N2,LSJ2,N2,LSJ2,N2,LSJ2,LSJ2,N2,LSJ2,N2,LSJ2,N2,N2,N2,LSJ2,LSJ2,N2,LSJ2,N2,N2,LSJ2,LSJ2,LSJ2,LSJ2,N2,N2,LSJ2,N2,LSJ2,N2,LSJ2,N2,N2,N2,LSJ2,LSJ2,LSJ2,LSJ2,N2,N2,LSJ2,N2,N2,LSJ2,LSJ2,LSJ2,N2,LSJ2,LSJ2,N2,LSJ2,N2,N2,N2,N2,LSJ2,LSJ2,N2,LSJ2,LSJ2
LSJ2_N2_III_3027521,CHROMOSOME_III,3.027521,LSJ2,N2,LSJ2,LSJ2,N2,N2,LSJ2,LSJ2,LSJ2,N2,N2,N2,N2,N2,LSJ2,N2,LSJ2,N2,N2,LSJ2,LSJ2,N2,LSJ2,N2,LSJ2,N2,LSJ2,LSJ2,N2,N2,LSJ2,N2,N2,LSJ2,N2,LSJ2,N2,LSJ2,N2,LSJ2,N2,LSJ2,LSJ2,LSJ2,LSJ2,LSJ2,LSJ2,N2,N2,N2,LSJ2,LSJ2,LSJ2,LSJ2,N2,N2,LSJ2,LSJ2,LSJ2,N2,LSJ2,N2,LSJ2,N2,LSJ2,N2,LSJ2,N2,N2,N2,LSJ2,LSJ2,LSJ2,LSJ2,N2,N2,LSJ2,N2,N2,LSJ2,LSJ2,LSJ2,N2,LSJ2,LSJ2,N2,LSJ2,N2,N2,N2,N2,LSJ2,LSJ2,N2,LSJ2,LSJ2
LSJ2_N2_III_3244293,CHROMOSOME_III,3.244293,LSJ2,N2,LSJ2,LSJ2,N2,N2,LSJ2,LSJ2,LSJ2,N2,N2,N2,N2,N2,LSJ2,N2,LSJ2,N2,N2,LSJ2,LSJ2,N2,LSJ2,N2,LSJ2,N2,LSJ2,LSJ2,N2,N2,LSJ2,N2,N2,LSJ2,N2,LSJ2,N2,LSJ2,N2,LSJ2,N2,LSJ2,LSJ2,LSJ2,LSJ2,N2,LSJ2,N2,N2,N2,LSJ2,LSJ2,LSJ2,LSJ2,N2,N2,LSJ2,LSJ2,LSJ2,N2,LSJ2,LSJ2,LSJ2,N2,LSJ2,N2,LSJ2,N2,N2,N2,LSJ2,LSJ2,LSJ2,LSJ2,N2,N2,LSJ2,N2,N2,N2,LSJ2,LSJ2,N2,LSJ2,LSJ2,N2,LSJ2,N2,N2,N2,N2,LSJ2,LSJ2,N2,LSJ2,LSJ2
LSJ2_N2_III_3852542,CHROMOSOME_III,3.852542,LSJ2,N2,LSJ2,LSJ2,LSJ2,N2,LSJ2,LSJ2,LSJ2,N2,N2,N2,N2,N2,LSJ2,N2,LSJ2,N2,N2,LSJ2,N2,N2,LSJ2,N2,LSJ2,N2,LSJ2,LSJ2,N2,N2,N2,N2,LSJ2,LSJ2,N2,LSJ2,N2,LSJ2,N2,LSJ2,N2,N2,LSJ2,LSJ2,N2,N2,N2,N2,N2,N2,LSJ2,LSJ2,LSJ2,LSJ2,N2,N2,LSJ2,LSJ2,LSJ2,N2,LSJ2,LSJ2,N2,N2,LSJ2,N2,LSJ2,N2,N2,N2,LSJ2,LSJ2,LSJ2,LSJ2,N2,N2,LSJ2,N2,N2,LSJ2,LSJ2,LSJ2,N2,LSJ2,LSJ2,N2,LSJ2,N2,N2,N2,N2,LSJ2,LSJ2,N2,LSJ2,LSJ2
LSJ2_N2_III_4476799,CHROMOSOME_III,4.476799,LSJ2,N2,LSJ2,LSJ2,LSJ2,N2,LSJ2,N2,LSJ2,N2,N2,N2,N2,N2,LSJ2,N2,LSJ2,N2,N2,LSJ2,N2,N2,LSJ2,N2,LSJ2,N2,LSJ2,LSJ2,N2,N2,N2,N2,LSJ2,LSJ2,N2,LSJ2,N2,LSJ2,N2,LSJ2,LSJ2,N2,LSJ2,LSJ2,N2,N2,N2,N2,N2,N2,LSJ2,LSJ2,LSJ2,LSJ2,N2,N2,LSJ2,LSJ2,LSJ2,LSJ2,LSJ2,LSJ2,N2,N2,LSJ2,N2,LSJ2,N2,N2,N2,LSJ2,LSJ2,LSJ2,LSJ2,N2,N2,LSJ2,N2,N2,LSJ2,LSJ2,LSJ2,N2,LSJ2,LSJ2,N2,LSJ2,N2,N2,N2,N2,LSJ2,LSJ2,N2,LSJ2,LSJ2
LSJ2_N2_III_5195032,CHROMOSOME_III,5.195032,LSJ2,N2,LSJ2,LSJ2,LSJ2,N2,LSJ2,LSJ2,LSJ2,N2,N2,N2,N2,N2,LSJ2,N2,LSJ2,N2,N2,LSJ2,N2,N2,LSJ2,N2,LSJ2,N2,LSJ2,LSJ2,N2,N2,N2,N2,N2,LSJ2,N2,LSJ2,N2,LSJ2,N2,LSJ2,LSJ2,N2,LSJ2,LSJ2,N2,N2,N2,N2,N2,N2,LSJ2,LSJ2,LSJ2,LSJ2,N2,N2,LSJ2,LSJ2,LSJ2,None,LSJ2,LSJ2,N2,N2,LSJ2,N2,LSJ2,N2,N2,N2,LSJ2,LSJ2,LSJ2,LSJ2,N2,N2,LSJ2,N2,N2,LSJ2,LSJ2,LSJ2,N2,LSJ2,LSJ2,LSJ2,LSJ2,N2,N2,N2,N2,LSJ2,LSJ2,N2,LSJ2,LSJ2
LSJ2_N2_III_6608758,CHROMOSOME_III,6.608758,LSJ2,N2,LSJ2,LSJ2,LSJ2,N2,LSJ2,LSJ2,LSJ2,N2,N2,N2,N2,N2,LSJ2,N2,LSJ2,N2,N2,LSJ2,N2,N2,LSJ2,N2,LSJ2,N2,LSJ2,LSJ2,N2,N2,N2,N2,N2,LSJ2,N2,LSJ2,N2,LSJ2,N2,LSJ2,LSJ2,N2,LSJ2,LSJ2,N2,N2,N2,N2,N2,N2,LSJ2,LSJ2,LSJ2,LSJ2,N2,N2,LSJ2,LSJ2,LSJ2,N2,LSJ2,LSJ2,N2,N2,LSJ2,N2,LSJ2,N2,N2,N2,LSJ2,LSJ2,LSJ2,LSJ2,N2,N2,LSJ2,N2,N2,LSJ2,LSJ2,LSJ2,N2,LSJ2,LSJ2,LSJ2,LSJ2,N2,N2,N2,N2,LSJ2,LSJ2,N2,LSJ2,LSJ2
LSJ2_N2_III_7163701,CHROMOSOME_III,7.163701,LSJ2,N2,LSJ2,LSJ2,LSJ2,N2,LSJ2,LSJ2,LSJ2,N2,N2,N2,N2,N2,LSJ2,LSJ2,LSJ2,N2,N2,LSJ2,N2,N2,LSJ2,N2,LSJ2,N2,LSJ2,LSJ2,N2,N2,N2,N2,N2,LSJ2,N2,LSJ2,N2,LSJ2,N2,LSJ2,LSJ2,N2,LSJ2,LSJ2,N2,N2,N2,N2,N2,N2,LSJ2,LSJ2,LSJ2,LSJ2,N2,N2,LSJ2,LSJ2,LSJ2,N2,LSJ2,LSJ2,N2,N2,LSJ2,N2,LSJ2,N2,N2,N2,LSJ2,LSJ2,LSJ2,LSJ2,N2,N2,LSJ2,N2,N2,LSJ2,LSJ2,LSJ2,N2,LSJ2,LSJ2,LSJ2,LSJ2,N2,N2,N2,N2,LSJ2,LSJ2,N2,LSJ2,LSJ2
LSJ2_N2_III_7325087,CHROMOSOME_III,7.325087,LSJ2,N2,LSJ2,LSJ2,LSJ2,N2,LSJ2,LSJ2,LSJ2,N2,N2,N2,N2,N2,LSJ2,LSJ2,N2,N2,N2,LSJ2,N2,N2,LSJ2,N2,LSJ2,N2,LSJ2,LSJ2,N2,N2,N2,N2,N2,LSJ2,N2,LSJ2,N2,LSJ2,N2,LSJ2,LSJ2,N2,LSJ2,LSJ2,N2,N2,N2,N2,N2,N2,LSJ2,LSJ2,LSJ2,LSJ2,N2,N2,LSJ2,LSJ2,LSJ2,N2,LSJ2,LSJ2,N2,N2,LSJ2,N2,LSJ2,N2,N2,N2,LSJ2,LSJ2,LSJ2,LSJ2,N2,N2,LSJ2,N2,N2,LSJ2,LSJ2,LSJ2,N2,LSJ2,LSJ2,LSJ2,LSJ2,N2,N2,N2,N2,LSJ2,LSJ2,N2,LSJ2,LSJ2
LSJ2_N2_III_8184923,CHROMOSOME_III,8.184923,LSJ2,N2,LSJ2,LSJ2,LSJ2,N2,LSJ2,LSJ2,LSJ2,N2,N2,N2,N2,N2,LSJ2,LSJ2,N2,N2,N2,LSJ2,N2,N2,LSJ2,N2,LSJ2,N2,LSJ2,LSJ2,N2,N2,N2,N2,N2,LSJ2,N2,LSJ2,N2,LSJ2,N2,LSJ2,LSJ2,N2,LSJ2,LSJ2,N2,N2,N2,N2,N2,N2,LSJ2,LSJ2,LSJ2,LSJ2,N2,N2,LSJ2,LSJ2,LSJ2,N2,LSJ2,LSJ2,N2,N2,LSJ2,N2,LSJ2,N2,N2,N2,LSJ2,LSJ2,LSJ2,LSJ2,N2,N2,LSJ2,N2,N2,LSJ2,LSJ2,LSJ2,N2,LSJ2,LSJ2,LSJ2,LSJ2,N2,N2,N2,N2,LSJ2,LSJ2,N2,LSJ2,LSJ2
LSJ2_N2_III_8621239,CHROMOSOME_III,8.621239,LSJ2,N2,LSJ2,LSJ2,LSJ2,N2,LSJ2,N2,LSJ2,N2,N2,N2,N2,N2,LSJ2,LSJ2,N2,N2,N2,LSJ2,N2,N2,LSJ2,N2,LSJ2,N2,LSJ2,LSJ2,N2,N2,N2,N2,N2,LSJ2,N2,LSJ2,N2,LSJ2,N2,LSJ2,LSJ2,N2,LSJ2,LSJ2,N2,N2,N2,N2,N2,N2,LSJ2,LSJ2,LSJ2,LSJ2,N2,N2,LSJ2,LSJ2,LSJ2,N2,LSJ2,LSJ2,N2,N2,LSJ2,N2,LSJ2,N2,N2,N2,LSJ2,LSJ2,LSJ2,LSJ2,N2,N2,LSJ2,N2,N2,LSJ2,LSJ2,LSJ2,N2,LSJ2,LSJ2,LSJ2,LSJ2,N2,N2,N2,N2,LSJ2,LSJ2,N2,LSJ2,LSJ2
LSJ2_N2_III_8720210,CHROMOSOME_III,8.72021,LSJ2,N2,LSJ2,LSJ2,LSJ2,N2,LSJ2,N2,LSJ2,N2,N2,N2,N2,N2,LSJ2,LSJ2,N2,N2,N2,LSJ2,N2,N2,LSJ2,N2,LSJ2,N2,LSJ2,LSJ2,N2,N2,N2,N2,N2,LSJ2,N2,LSJ2,N2,LSJ2,N2,LSJ2,LSJ2,N2,LSJ2,LSJ2,N2,N2,N2,N2,N2,N2,LSJ2,LSJ2,LSJ2,LSJ2,N2,N2,LSJ2,LSJ2,LSJ2,N2,LSJ2,LSJ2,N2,N2,LSJ2,N2,LSJ2,N2,N2,N2,LSJ2,LSJ2,LSJ2,LSJ2,N2,N2,LSJ2,N2,N2,LSJ2,LSJ2,LSJ2,N2,LSJ2,LSJ2,LSJ2,LSJ2,N2,N2,N2,N2,LSJ2,LSJ2,N2,LSJ2,LSJ2
LSJ2_N2_III_9259899,CHROMOSOME_III,9.259899,LSJ2,N2,LSJ2,LSJ2,LSJ2,N2,LSJ2,N2,LSJ2,N2,N2,N2,N2,N2,N2,LSJ2,N2,N2,N2,LSJ2,N2,N2,LSJ2,N2,LSJ2,N2,LSJ2,LSJ2,N2,N2,N2,N2,N2,LSJ2,N2,LSJ2,N2,LSJ2,N2,LSJ2,LSJ2,N2,LSJ2,LSJ2,N2,N2,N2,N2,N2,N2,LSJ2,LSJ2,LSJ2,LSJ2,N2,N2,LSJ2,LSJ2,LSJ2,N2,LSJ2,LSJ2,N2,N2,LSJ2,N2,LSJ2,N2,N2,N2,LSJ2,N2,LSJ2,LSJ2,N2,N2,LSJ2,N2,N2,LSJ2,LSJ2,LSJ2,N2,LSJ2,LSJ2,LSJ2,LSJ2,N2,N2,N2,N2,LSJ2,LSJ2,N2,LSJ2,LSJ2
LSJ2_N2_III_10368775,CHROMOSOME_III,10.368775,LSJ2,N2,LSJ2,LSJ2,LSJ2,N2,LSJ2,N2,LSJ2,N2,N2,N2,N2,N2,N2,LSJ2,N2,N2,N2,LSJ2,N2,N2,LSJ2,N2,N2,N2,LSJ2,LSJ2,N2,N2,N2,N2,N2,LSJ2,N2,LSJ2,N2,LSJ2,N2,LSJ2,LSJ2,N2,LSJ2,LSJ2,N2,N2,N2,N2,N2,N2,LSJ2,LSJ2,LSJ2,LSJ2,LSJ2,N2,LSJ2,LSJ2,LSJ2,N2,LSJ2,LSJ2,N2,N2,LSJ2,N2,LSJ2,N2,N2,N2,LSJ2,N2,LSJ2,LSJ2,N2,N2,LSJ2,N2,N2,LSJ2,LSJ2,LSJ2,N2,LSJ2,LSJ2,LSJ2,LSJ2,N2,N2,N2,N2,LSJ2,LSJ2,N2,LSJ2,LSJ2
LSJ2_N2_III_10694919,CHROMOSOME_III,10.694919,LSJ2,N2,LSJ2,LSJ2,LSJ2,N2,LSJ2,N2,LSJ2,N2,N2,N2,N2,N2,N2,LSJ2,N2,N2,N2,LSJ2,N2,N2,LSJ2,N2,N2,N2,LSJ2,LSJ2,N2,N2,N2,N2,N2,LSJ2,N2,LSJ2,N2,LSJ2,N2,LSJ2,LSJ2,N2,LSJ2,LSJ2,N2,N2,N2,N2,N2,N2,LSJ2,LSJ2,LSJ2,LSJ2,LSJ2,N2,LSJ2,LSJ2,LSJ2,N2,LSJ2,LSJ2,N2,N2,LSJ2,N2,LSJ2,LSJ2,LSJ2,N2,LSJ2,N2,LSJ2,LSJ2,N2,N2,LSJ2,N2,N2,LSJ2,LSJ2,LSJ2,N2,LSJ2,LSJ2,LSJ2,LSJ2,N2,N2,N2,N2,LSJ2,LSJ2,N2,LSJ2,LSJ2
LSJ2_N2_III_11127076,CHROMOSOME_III,11.127076,LSJ2,N2,LSJ2,LSJ2,LSJ2,N2,LSJ2,N2,LSJ2,N2,N2,N2,N2,N2,N2,LSJ2,N2,N2,N2,LSJ2,N2,N2,LSJ2,N2,N2,N2,LSJ2,LSJ2,N2,N2,N2,N2,N2,LSJ2,N2,LSJ2,N2,LSJ2,N2,LSJ2,LSJ2,N2,LSJ2,LSJ2,N2,N2,N2,N2,N2,N2,LSJ2,LSJ2,LSJ2,LSJ2,LSJ2,N2,LSJ2,LSJ2,LSJ2,N2,LSJ2,LSJ2,N2,N2,LSJ2,N2,LSJ2,LSJ2,LSJ2,N2,LSJ2,N2,LSJ2,LSJ2,N2,N2,LSJ2,N2,N2,LSJ2,LSJ2,LSJ2,N2,LSJ2,LSJ2,LSJ2,LSJ2,N2,N2,N2,LSJ2,LSJ2,LSJ2,N2,LSJ2,LSJ2
LSJ2_N2_III_11300921,CHROMOSOME_III,11.300921,LSJ2,N2,LSJ2,LSJ2,LSJ2,N2,LSJ2,N2,LSJ2,N2,N2,N2,N2,N2,N2,LSJ2,N2,N2,N2,LSJ2,N2,N2,LSJ2,N2,N2,N2,LSJ2,LSJ2,N2,N2,N2,N2,N2,LSJ2,N2,LSJ2,N2,LSJ2,N2,LSJ2,LSJ2,N2,LSJ2,N2,LSJ2,N2,N2,N2,N2,N2,LSJ2,LSJ2,LSJ2,LSJ2,LSJ2,N2,LSJ2,N2,LSJ2,N2,LSJ2,LSJ2,N2,N2,LSJ2,N2,LSJ2,LSJ2,LSJ2,N2,LSJ2,N2,LSJ2,LSJ2,N2,N2,LSJ2,N2,N2,LSJ2,LSJ2,LSJ2,N2,LSJ2,LSJ2,LSJ2,LSJ2,N2,N2,N2,LSJ2,LSJ2,LSJ2,N2,LSJ2,LSJ2
LSJ2_N2_III_11988036,CHROMOSOME_III,11.988036,LSJ2,N2,LSJ2,LSJ2,LSJ2,LSJ2,LSJ2,N2,LSJ2,LSJ2,N2,N2,N2,N2,LSJ2,LSJ2,N2,N2,N2,LSJ2,N2,LSJ2,LSJ2,N2,N2,N2,LSJ2,N2,N2,N2,N2,N2,N2,LSJ2,LSJ2,LSJ2,LSJ2,LSJ2,N2,LSJ2,LSJ2,N2,LSJ2,N2,LSJ2,N2,N2,N2,N2,LSJ2,LSJ2,LSJ2,LSJ2,LSJ2,LSJ2,LSJ2,LSJ2,LSJ2,LSJ2,N2,LSJ2,LSJ2,N2,N2,LSJ2,N2,LSJ2,LSJ2,LSJ2,LSJ2,LSJ2,LSJ2,LSJ2,LSJ2,N2,N2,LSJ2,N2,N2,LSJ2,LSJ2,LSJ2,N2,LSJ2,LSJ2,LSJ2,LSJ2,N2,N2,N2,LSJ2,LSJ2,LSJ2,N2,LSJ2,LSJ2
LSJ2_N2_III_12152685,CHROMOSOME_III,12.152685,LSJ2,N2,LSJ2,LSJ2,LSJ2,LSJ2,LSJ2,N2,LSJ2,LSJ2,N2,N2,LSJ2,N2,LSJ2,LSJ2,N2,N2,N2,LSJ2,N2,LSJ2,LSJ2,N2,N2,N2,LSJ2,N2,N2,N2,N2,LSJ2,N2,LSJ2,LSJ2,LSJ2,LSJ2,LSJ2,N2,LSJ2,LSJ2,N2,LSJ2,N2,LSJ2,N2,LSJ2,N2,N2,LSJ2,LSJ2,LSJ2,LSJ2,LSJ2,LSJ2,LSJ2,LSJ2,LSJ2,LSJ2,N2,LSJ2,LSJ2,N2,LSJ2,LSJ2,N2,LSJ2,LSJ2,LSJ2,LSJ2,LSJ2,LSJ2,N2,LSJ2,N2,N2,LSJ2,N2,N2,LSJ2,LSJ2,LSJ2,N2,LSJ2,LSJ2,LSJ2,LSJ2,N2,N2,N2,LSJ2,LSJ2,LSJ2,N2,LSJ2,LSJ2
LSJ2_N2_III_12449255,CHROMOSOME_III,12.449255,LSJ2,N2,LSJ2,LSJ2,LSJ2,LSJ2,LSJ2,N2,N2,LSJ2,N2,N2,LSJ2,N2,LSJ2,LSJ2,N2,N2,N2,LSJ2,N2,LSJ2,LSJ2,N2,N2,N2,LSJ2,N2,N2,N2,N2,LSJ2,N2,LSJ2,LSJ2,None,LSJ2,LSJ2,N2,LSJ2,LSJ2,N2,LSJ2,N2,LSJ2,N2,LSJ2,N2,N2,LSJ2,LSJ2,LSJ2,LSJ2,LSJ2,LSJ2,LSJ2,LSJ2,LSJ2,LSJ2,N2,LSJ2,LSJ2,N2,LSJ2,LSJ2,N2,LSJ2,N2,N2,LSJ2,LSJ2,LSJ2,N2,LSJ2,N2,N2,LSJ2,N2,N2,LSJ2,LSJ2,LSJ2,N2,LSJ2,LSJ2,LSJ2,LSJ2,N2,N2,LSJ2,LSJ2,N2,LSJ2,N2,LSJ2,LSJ2
LSJ2_N2_III_12897055,CHROMOSOME_III,12.897055,LSJ2,N2,LSJ2,LSJ2,LSJ2,LSJ2,LSJ2,N2,N2,LSJ2,N2,N2,LSJ2,N2,LSJ2,LSJ2,N2,N2,N2,LSJ2,N2,LSJ2,LSJ2,LSJ2,N2,N2,LSJ2,N2,N2,N2,LSJ2,LSJ2,N2,LSJ2,LSJ2,None,LSJ2,LSJ2,N2,LSJ2,LSJ2,N2,LSJ2,N2,LSJ2,N2,LSJ2,N2,N2,LSJ2,LSJ2,LSJ2,LSJ2,LSJ2,LSJ2,LSJ2,LSJ2,LSJ2,LSJ2,N2,LSJ2,LSJ2,N2,LSJ2,LSJ2,N2,LSJ2,N2,N2,LSJ2,LSJ2,LSJ2,LSJ2,LSJ2,N2,N2,LSJ2,N2,N2,N2,LSJ2,LSJ2,N2,LSJ2,LSJ2,LSJ2,LSJ2,N2,N2,LSJ2,LSJ2,N2,LSJ2,N2,LSJ2,LSJ2
LSJ2_N2_III_13095599,CHROMOSOME_III,13.095599,LSJ2,N2,LSJ2,LSJ2,LSJ2,LSJ2,LSJ2,N2,N2,LSJ2,N2,N2,LSJ2,N2,LSJ2,LSJ2,N2,N2,N2,LSJ2,N2,LSJ2,LSJ2,LSJ2,N2,N2,LSJ2,N2,N2,N2,LSJ2,LSJ2,N2,LSJ2,LSJ2,N2,LSJ2,LSJ2,N2,LSJ2,LSJ2,N2,LSJ2,N2,LSJ2,N2,LSJ2,N2,N2,LSJ2,LSJ2,LSJ2,LSJ2,LSJ2,LSJ2,LSJ2,LSJ2,LSJ2,LSJ2,N2,LSJ2,LSJ2,N2,LSJ2,LSJ2,N2,LSJ2,N2,N2,LSJ2,LSJ2,LSJ2,LSJ2,LSJ2,N2,N2,LSJ2,N2,N2,N2,LSJ2,LSJ2,N2,LSJ2,LSJ2,LSJ2,LSJ2,N2,N2,LSJ2,LSJ2,N2,LSJ2,N2,LSJ2,LSJ2
LSJ2_N2_III_13561538,CHROMOSOME_III,13.561538,LSJ2,N2,LSJ2,LSJ2,LSJ2,LSJ2,LSJ2,N2,N2,LSJ2,N2,N2,LSJ2,N2,LSJ2,LSJ2,N2,N2,N2,LSJ2,N2,LSJ2,LSJ2,LSJ2,N2,N2,LSJ2,N2,N2,N2,LSJ2,LSJ2,N2,LSJ2,LSJ2,LSJ2,LSJ2,LSJ2,N2,LSJ2,LSJ2,N2,LSJ2,N2,LSJ2,N2,LSJ2,N2,N2,LSJ2,LSJ2,LSJ2,LSJ2,LSJ2,LSJ2,LSJ2,LSJ2,LSJ2,LSJ2,N2,LSJ2,LSJ2,N2,LSJ2,LSJ2,N2,LSJ2,N2,N2,LSJ2,LSJ2,LSJ2,LSJ2,LSJ2,N2,N2,LSJ2,N2,N2,N2,LSJ2,LSJ2,N2,LSJ2,LSJ2,LSJ2,LSJ2,N2,N2,LSJ2,LSJ2,N2,LSJ2,N2,LSJ2,LSJ2
LSJ2_N2_IV_648773,CHROMOSOME_IV,0.648773,LSJ2,N2,LSJ2,N2,N2,N2,N2,LSJ2,N2,LSJ2,LSJ2,N2,N2,LSJ2,N2,LSJ2,LSJ2,LSJ2,N2,LSJ2,N2,LSJ2,N2,N2,LSJ2,N2,N2,N2,LSJ2,LSJ2,LSJ2,N2,LSJ2,LSJ2,N2,LSJ2,LSJ2,N2,N2,LSJ2,N2,N2,LSJ2,N2,N2,LSJ2,N2,LSJ2,N2,N2,LSJ2,N2,LSJ2,LSJ2,LSJ2,LSJ2,None,N2,N2,LSJ2,N2,N2,N2,LSJ2,N2,N2,LSJ2,N2,N2,N2,N2,LSJ2,N2,N2,N2,N2,N2,N2,N2,LSJ2,N2,N2,LSJ2,N2,N2,LSJ2,LSJ2,LSJ2,N2,N2,N2,LSJ2,LSJ2,N2,N2,LSJ2
LSJ2_N2_IV_1483377,CHROMOSOME_IV,1.483377,LSJ2,N2,LSJ2,N2,N2,LSJ2,N2,LSJ2,N2,LSJ2,LSJ2,N2,N2,LSJ2,N2,LSJ2,LSJ2,LSJ2,N2,LSJ2,N2,LSJ2,N2,N2,LSJ2,N2,N2,N2,LSJ2,LSJ2,LSJ2,N2,LSJ2,LSJ2,N2,LSJ2,LSJ2,N2,N2,LSJ2,N2,N2,N2,LSJ2,N2,LSJ2,N2,LSJ2,N2,LSJ2,LSJ2,LSJ2,LSJ2,LSJ2,LSJ2,LSJ2,N2,N2,N2,LSJ2,LSJ2,N2,LSJ2,LSJ2,LSJ2,N2,LSJ2,LSJ2,LSJ2,N2,LSJ2,LSJ2,N2,N2,N2,LSJ2,N2,N2,N2,LSJ2,N2,N2,LSJ2,N2,N2,LSJ2,LSJ2,LSJ2,N2,N2,N2,LSJ2,LSJ2,N2,LSJ2,LSJ2
LSJ2_N2_IV_1868233,CHROMOSOME_IV,1.868233,LSJ2,N2,LSJ2,LSJ2,N2,LSJ2,N2,LSJ2,N2,LSJ2,LSJ2,N2,N2,LSJ2,N2,LSJ2,LSJ2,N2,N2,LSJ2,N2,LSJ2,N2,N2,LSJ2,N2,N2,N2,LSJ2,LSJ2,LSJ2,N2,LSJ2,LSJ2,N2,LSJ2,LSJ2,N2,N2,LSJ2,N2,N2,N2,LSJ2,N2,LSJ2,N2,N2,N2,LSJ2,LSJ2,LSJ2,LSJ2,LSJ2,LSJ2,LSJ2,None,LSJ2,None,LSJ2,LSJ2,N2,LSJ2,LSJ2,LSJ2,N2,LSJ2,LSJ2,LSJ2,N2,LSJ2,LSJ2,N2,N2,N2,LSJ2,N2,N2,N2,LSJ2,N2,N2,LSJ2,N2,N2,LSJ2,LSJ2,LSJ2,N2,N2,N2,LSJ2,LSJ2,N2,N2,LSJ2
LSJ2_N2_IV_2087215,CHROMOSOME_IV,2.087215,LSJ2,N2,LSJ2,LSJ2,N2,LSJ2,N2,LSJ2,N2,LSJ2,LSJ2,N2,N2,LSJ2,N2,LSJ2,LSJ2,N2,N2,LSJ2,N2,LSJ2,N2,N2,LSJ2,N2,N2,N2,LSJ2,LSJ2,LSJ2,N2,LSJ2,LSJ2,N2,LSJ2,LSJ2,N2,N2,LSJ2,N2,N2,N2,LSJ2,N2,LSJ2,N2,N2,N2,LSJ2,LSJ2,LSJ2,LSJ2,LSJ2,N2,LSJ2,LSJ2,LSJ2,N2,LSJ2,N2,LSJ2,LSJ2,LSJ2,LSJ2,N2,LSJ2,LSJ2,LSJ2,N2,LSJ2,LSJ2,LSJ2,N2,N2,LSJ2,N2,N2,N2,LSJ2,N2,N2,LSJ2,LSJ2,N2,LSJ2,LSJ2,LSJ2,N2,N2,N2,LSJ2,LSJ2,N2,LSJ2,LSJ2
LSJ2_N2_IV_2664348,CHROMOSOME_IV,2.664348,LSJ2,N2,LSJ2,LSJ2,LSJ2,LSJ2,N2,LSJ2,N2,LSJ2,LSJ2,N2,N2,N2,N2,LSJ2,LSJ2,N2,N2,LSJ2,N2,LSJ2,N2,LSJ2,LSJ2,N2,N2,N2,LSJ2,LSJ2,LSJ2,N2,LSJ2,LSJ2,N2,LSJ2,LSJ2,N2,N2,LSJ2,N2,N2,N2,LSJ2,N2,LSJ2,N2,N2,N2,LSJ2,LSJ2,LSJ2,LSJ2,LSJ2,N2,LSJ2,LSJ2,LSJ2,None,LSJ2,N2,LSJ2,LSJ2,LSJ2,LSJ2,N2,LSJ2,LSJ2,LSJ2,N2,LSJ2,LSJ2,LSJ2,N2,N2,LSJ2,N2,N2,LSJ2,LSJ2,LSJ2,N2,LSJ2,LSJ2,N2,N2,LSJ2,LSJ2,N2,N2,N2,LSJ2,LSJ2,N2,LSJ2,LSJ2
LSJ2_N2_IV_3363333,CHROMOSOME_IV,3.363333,LSJ2,N2,LSJ2,LSJ2,LSJ2,LSJ2,N2,LSJ2,N2,LSJ2,LSJ2,N2,N2,LSJ2,N2,LSJ2,LSJ2,N2,LSJ2,LSJ2,N2,LSJ2,N2,LSJ2,LSJ2,N2,N2,N2,LSJ2,LSJ2,LSJ2,LSJ2,LSJ2,LSJ2,LSJ2,LSJ2,LSJ2,N2,N2,LSJ2,N2,N2,N2,LSJ2,N2,LSJ2,LSJ2,N2,N2,LSJ2,LSJ2,LSJ2,LSJ2,LSJ2,N2,LSJ2,LSJ2,LSJ2,N2,LSJ2,N2,LSJ2,LSJ2,LSJ2,LSJ2,N2,LSJ2,LSJ2,LSJ2,N2,LSJ2,LSJ2,N2,N2,N2,LSJ2,N2,N2,LSJ2,LSJ2,LSJ2,N2,LSJ2,LSJ2,N2,N2,LSJ2,LSJ2,LSJ2,N2,N2,LSJ2,LSJ2,N2,LSJ2,LSJ2
LSJ2_N2_IV_3871093,CHROMOSOME_IV,3.871093,LSJ2,N2,LSJ2,LSJ2,LSJ2,LSJ2,N2,LSJ2,N2,LSJ2,LSJ2,LSJ2,N2,LSJ2,LSJ2,LSJ2,LSJ2,N2,LSJ2,LSJ2,N2,LSJ2,N2,N2,LSJ2,N2,N2,N2,LSJ2,LSJ2,LSJ2,LSJ2,LSJ2,LSJ2,LSJ2,LSJ2,LSJ2,N2,N2,LSJ2,N2,N2,N2,LSJ2,N2,N2,LSJ2,N2,N2,LSJ2,LSJ2,LSJ2,LSJ2,LSJ2,N2,N2,LSJ2,LSJ2,N2,LSJ2,N2,LSJ2,LSJ2,LSJ2,LSJ2,N2,LSJ2,LSJ2,LSJ2,N2,LSJ2,N2,N2,N2,N2,LSJ2,N2,N2,LSJ2,LSJ2,LSJ2,N2,LSJ2,LSJ2,N2,N2,LSJ2,LSJ2,LSJ2,N2,N2,LSJ2,LSJ2,N2,LSJ2,LSJ2
LSJ2_N2_IV_4021130,CHROMOSOME_IV,4.02113,LSJ2,N2,LSJ2,LSJ2,LSJ2,LSJ2,N2,LSJ2,N2,LSJ2,LSJ2,LSJ2,N2,LSJ2,LSJ2,LSJ2,LSJ2,N2,LSJ2,LSJ2,N2,LSJ2,N2,N2,LSJ2,N2,LSJ2,N2,LSJ2,LSJ2,LSJ2,LSJ2,LSJ2,LSJ2,LSJ2,LSJ2,LSJ2,N2,N2,LSJ2,N2,N2,N2,LSJ2,N2,N2,LSJ2,N2,N2,LSJ2,LSJ2,LSJ2,LSJ2,LSJ2,N2,N2,N2,LSJ2,N2,LSJ2,N2,LSJ2,LSJ2,LSJ2,LSJ2,N2,LSJ2,LSJ2,LSJ2,N2,LSJ2,N2,N2,N2,N2,LSJ2,N2,N2,LSJ2,LSJ2,LSJ2,N2,LSJ2,LSJ2,N2,N2,LSJ2,LSJ2,LSJ2,N2,N2,LSJ2,LSJ2,N2,LSJ2,LSJ2
LSJ2_N2_IV_5494118,CHROMOSOME_IV,5.494118,LSJ2,N2,LSJ2,LSJ2,LSJ2,LSJ2,N2,N2,N2,LSJ2,LSJ2,LSJ2,N2,LSJ2,LSJ2,LSJ2,LSJ2,N2,LSJ2,LSJ2,N2,LSJ2,N2,LSJ2,LSJ2,N2,LSJ2,N2,LSJ2,LSJ2,LSJ2,LSJ2,LSJ2,LSJ2,LSJ2,LSJ2,LSJ2,LSJ2,N2,LSJ2,N2,LSJ2,N2,LSJ2,N2,LSJ2,N2,N2,LSJ2,LSJ2,N2,LSJ2,LSJ2,LSJ2,N2,N2,N2,LSJ2,N2,LSJ2,N2,LSJ2,LSJ2,LSJ2,LSJ2,N2,N2,LSJ2,LSJ2,N2,LSJ2,N2,N2,N2,N2,LSJ2,N2,N2,LSJ2,N2,LSJ2,N2,LSJ2,N2,LSJ2,N2,LSJ2,LSJ2,LSJ2,LSJ2,N2,LSJ2,LSJ2,N2,LSJ2,LSJ2
LSJ2_N2_IV_6365406,CHROMOSOME_IV,6.365406,LSJ2,N2,LSJ2,LSJ2,LSJ2,LSJ2,N2,N2,N2,LSJ2,N2,LSJ2,N2,LSJ2,LSJ2,LSJ2,LSJ2,N2,LSJ2,LSJ2,N2,LSJ2,N2,LSJ2,LSJ2,N2,LSJ2,N2,LSJ2,LSJ2,LSJ2,LSJ2,LSJ2,LSJ2,LSJ2,LSJ2,LSJ2,LSJ2,N2,LSJ2,N2,LSJ2,N2,LSJ2,N2,LSJ2,N2,N2,LSJ2,LSJ2,N2,LSJ2,LSJ2,LSJ2,N2,N2,N2,LSJ2,N2,LSJ2,N2,LSJ2,LSJ2,LSJ2,LSJ2,N2,N2,LSJ2,LSJ2,N2,LSJ2,N2,N2,N2,N2,LSJ2,N2,N2,LSJ2,N2,LSJ2,N2,LSJ2,N2,LSJ2,N2,LSJ2,LSJ2,LSJ2,LSJ2,N2,LSJ2,LSJ2,N2,N2,LSJ2
LSJ2_N2_IV_7154008,CHROMOSOME_IV,7.154008,LSJ2,N2,LSJ2,LSJ2,LSJ2,LSJ2,N2,N2,N2,LSJ2,N2,LSJ2,N2,LSJ2,LSJ2,LSJ2,LSJ2,N2,LSJ2,LSJ2,N2,LSJ2,N2,LSJ2,LSJ2,N2,LSJ2,N2,LSJ2,LSJ2,LSJ2,LSJ2,LSJ2,LSJ2,LSJ2,LSJ2,LSJ2,LSJ2,N2,LSJ2,N2,LSJ2,N2,LSJ2,N2,LSJ2,N2,N2,LSJ2,LSJ2,N2,LSJ2,LSJ2,LSJ2,N2,N2,N2,LSJ2,N2,LSJ2,N2,LSJ2,LSJ2,LSJ2,LSJ2,N2,N2,LSJ2,LSJ2,N2,LSJ2,N2,N2,N2,N2,LSJ2,N2,N2,LSJ2,N2,LSJ2,N2,LSJ2,N2,LSJ2,N2,LSJ2,LSJ2,LSJ2,LSJ2,N2,LSJ2,LSJ2,N2,N2,LSJ2
LSJ2_N2_IV_7434096,CHROMOSOME_IV,7.434096,LSJ2,N2,LSJ2,LSJ2,LSJ2,LSJ2,N2,N2,N2,LSJ2,N2,LSJ2,N2,LSJ2,LSJ2,LSJ2,LSJ2,N2,LSJ2,LSJ2,N2,LSJ2,N2,LSJ2,LSJ2,N2,LSJ2,N2,LSJ2,LSJ2,LSJ2,LSJ2,LSJ2,LSJ2,LSJ2,LSJ2,LSJ2,LSJ2,N2,LSJ2,N2,LSJ2,N2,LSJ2,N2,LSJ2,N2,N2,LSJ2,LSJ2,N2,LSJ2,LSJ2,LSJ2,N2,N2,N2,LSJ2,N2,LSJ2,N2,LSJ2,LSJ2,LSJ2,LSJ2,N2,N2,LSJ2,LSJ2,N2,LSJ2,N2,N2,N2,N2,LSJ2,N2,N2,LSJ2,N2,LSJ2,N2,LSJ2,N2,LSJ2,N2,LSJ2,LSJ2,LSJ2,LSJ2,N2,LSJ2,LSJ2,N2,N2,LSJ2
LSJ2_N2_IV_7976528,CHROMOSOME_IV,7.976528,LSJ2,N2,LSJ2,LSJ2,LSJ2,LSJ2,N2,N2,N2,LSJ2,N2,LSJ2,N2,LSJ2,LSJ2,LSJ2,LSJ2,N2,LSJ2,LSJ2,N2,LSJ2,N2,LSJ2,LSJ2,N2,LSJ2,N2,LSJ2,LSJ2,LSJ2,LSJ2,LSJ2,N2,LSJ2,LSJ2,LSJ2,LSJ2,N2,LSJ2,N2,LSJ2,LSJ2,LSJ2,N2,LSJ2,N2,N2,LSJ2,LSJ2,N2,LSJ2,LSJ2,LSJ2,N2,N2,N2,LSJ2,N2,LSJ2,N2,LSJ2,LSJ2,LSJ2,LSJ2,N2,N2,LSJ2,LSJ2,N2,LSJ2,N2,N2,N2,N2,LSJ2,N2,N2,LSJ2,N2,LSJ2,N2,LSJ2,N2,LSJ2,N2,LSJ2,LSJ2,LSJ2,LSJ2,N2,LSJ2,LSJ2,N2,N2,LSJ2
LSJ2_N2_IV_8061838,CHROMOSOME_IV,8.061838,LSJ2,N2,LSJ2,LSJ2,LSJ2,LSJ2,N2,N2,N2,LSJ2,N2,LSJ2,N2,LSJ2,LSJ2,LSJ2,LSJ2,N2,LSJ2,LSJ2,N2,LSJ2,N2,LSJ2,LSJ2,N2,LSJ2,N2,LSJ2,LSJ2,LSJ2,LSJ2,LSJ2,N2,LSJ2,LSJ2,LSJ2,LSJ2,N2,LSJ2,N2,LSJ2,LSJ2,LSJ2,N2,LSJ2,N2,N2,LSJ2,LSJ2,N2,LSJ2,LSJ2,LSJ2,N2,N2,N2,LSJ2,N2,LSJ2,N2,LSJ2,LSJ2,LSJ2,LSJ2,N2,N2,LSJ2,LSJ2,N2,LSJ2,N2,N2,N2,N2,LSJ2,N2,N2,LSJ2,N2,LSJ2,N2,LSJ2,N2,LSJ2,N2,LSJ2,LSJ2,LSJ2,LSJ2,N2,LSJ2,LSJ2,N2,N2,LSJ2
LSJ2_N2_IV_8494979,CHROMOSOME_IV,8.494979,LSJ2,N2,LSJ2,LSJ2,LSJ2,LSJ2,N2,N2,N2,LSJ2,N2,LSJ2,N2,LSJ2,LSJ2,LSJ2,LSJ2,N2,LSJ2,LSJ2,N2,LSJ2,N2,LSJ2,LSJ2,N2,LSJ2,N2,LSJ2,LSJ2,LSJ2,LSJ2,LSJ2,N2,LSJ2,LSJ2,LSJ2,LSJ2,N2,LSJ2,N2,LSJ2,LSJ2,LSJ2,N2,LSJ2,N2,N2,LSJ2,LSJ2,N2,LSJ2,LSJ2,LSJ2,N2,N2,N2,LSJ2,N2,LSJ2,N2,LSJ2,LSJ2,LSJ2,LSJ2,N2,N2,LSJ2,LSJ2,N2,LSJ2,N2,N2,N2,N2,LSJ2,N2,N2,LSJ2,N2,LSJ2,N2,LSJ2,N2,LSJ2,N2,LSJ2,LSJ2,LSJ2,LSJ2,N2,LSJ2,LSJ2,N2,N2,LSJ2
LSJ2_N2_IV_9388319,CHROMOSOME_IV,9.388319,LSJ2,N2,LSJ2,LSJ2,LSJ2,LSJ2,N2,N2,N2,LSJ2,N2,LSJ2,N2,LSJ2,LSJ2,N2,LSJ2,N2,LSJ2,LSJ2,N2,LSJ2,N2,LSJ2,LSJ2,N2,LSJ2,N2,LSJ2,LSJ2,LSJ2,LSJ2,N2,N2,LSJ2,LSJ2,LSJ2,LSJ2,N2,LSJ2,N2,LSJ2,LSJ2,LSJ2,N2,LSJ2,N2,N2,LSJ2,LSJ2,N2,LSJ2,LSJ2,N2,N2,N2,N2,LSJ2,N2,LSJ2,N2,LSJ2,LSJ2,LSJ2,LSJ2,N2,N2,LSJ2,LSJ2,N2,LSJ2,N2,N2,N2,N2,LSJ2,N2,N2,LSJ2,N2,LSJ2,N2,LSJ2,N2,LSJ2,N2,LSJ2,LSJ2,LSJ2,LSJ2,N2,LSJ2,LSJ2,N2,N2,LSJ2
LSJ2_N2_IV_9520007,CHROMOSOME_IV,9.520007,LSJ2,N2,LSJ2,LSJ2,LSJ2,LSJ2,N2,N2,N2,LSJ2,N2,LSJ2,N2,LSJ2,LSJ2,N2,LSJ2,N2,LSJ2,LSJ2,N2,LSJ2,N2,LSJ2,LSJ2,N2,LSJ2,N2,LSJ2,LSJ2,LSJ2,LSJ2,N2,N2,LSJ2,LSJ2,LSJ2,LSJ2,N2,LSJ2,N2,LSJ2,LSJ2,LSJ2,N2,LSJ2,N2,N2,LSJ2,LSJ2,N2,LSJ2,LSJ2,N2,N2,N2,N2,LSJ2,N2,LSJ2,N2,LSJ2,LSJ2,LSJ2,LSJ2,N2,N2,LSJ2,LSJ2,N2,LSJ2,N2,N2,N2,N2,LSJ2,N2,N2,LSJ2,N2,LSJ2,N2,LSJ2,N2,LSJ2,N2,LSJ2,LSJ2,LSJ2,LSJ2,N2,LSJ2,LSJ2,N2,N2,LSJ2
LSJ2_N2_IV_10367297,CHROMOSOME_IV,10.367297,LSJ2,N2,LSJ2,LSJ2,LSJ2,LSJ2,N2,N2,N2,LSJ2,N2,LSJ2,N2,LSJ2,N2,N2,LSJ2,N2,LSJ2,LSJ2,N2,LSJ2,N2,LSJ2,LSJ2,N2,LSJ2,N2,LSJ2,LSJ2,LSJ2,LSJ2,N2,N2,LSJ2,None,LSJ2,LSJ2,N2,LSJ2,N2,LSJ2,LSJ2,LSJ2,N2,LSJ2,N2,N2,LSJ2,LSJ2,N2,LSJ2,LSJ2,N2,N2,N2,N2,LSJ2,N2,LSJ2,N2,LSJ2,LSJ2,LSJ2,LSJ2,N2,N2,LSJ2,LSJ2,N2,LSJ2,N2,N2,LSJ2,N2,LSJ2,N2,N2,LSJ2,N2,LSJ2,N2,N2,N2,LSJ2,N2,LSJ2,LSJ2,LSJ2,LSJ2,N2,LSJ2,LSJ2,N2,N2,LSJ2
LSJ2_N2_IV_10793215,CHROMOSOME_IV,10.793215,LSJ2,N2,LSJ2,LSJ2,LSJ2,LSJ2,N2,N2,N2,LSJ2,N2,LSJ2,N2,LSJ2,N2,N2,LSJ2,N2,LSJ2,LSJ2,N2,LSJ2,N2,LSJ2,LSJ2,N2,LSJ2,N2,LSJ2,LSJ2,LSJ2,LSJ2,N2,N2,LSJ2,N2,LSJ2,LSJ2,N2,LSJ2,N2,LSJ2,LSJ2,LSJ2,N2,LSJ2,N2,N2,LSJ2,LSJ2,N2,LSJ2,LSJ2,N2,N2,N2,N2,LSJ2,N2,LSJ2,N2,LSJ2,LSJ2,LSJ2,LSJ2,N2,N2,LSJ2,LSJ2,N2,LSJ2,N2,N2,LSJ2,N2,LSJ2,N2,N2,LSJ2,N2,LSJ2,N2,N2,N2,LSJ2,N2,LSJ2,LSJ2,LSJ2,LSJ2,N2,LSJ2,LSJ2,N2,N2,LSJ2
LSJ2_N2_IV_11008800,CHROMOSOME_IV,11.0088,LSJ2,N2,LSJ2,LSJ2,LSJ2,LSJ2,N2,N2,N2,LSJ2,N2,LSJ2,N2,LSJ2,N2,N2,LSJ2,N2,LSJ2,LSJ2,N2,LSJ2,N2,LSJ2,LSJ2,N2,LSJ2,N2,LSJ2,LSJ2,LSJ2,LSJ2,N2,N2,LSJ2,N2,LSJ2,LSJ2,N2,LSJ2,N2,LSJ2,LSJ2,LSJ2,N2,LSJ2,N2,N2,LSJ2,LSJ2,N2,LSJ2,LSJ2,N2,N2,N2,N2,LSJ2,N2,LSJ2,N2,LSJ2,LSJ2,LSJ2,LSJ2,N2,N2,LSJ2,LSJ2,N2,LSJ2,N2,N2,LSJ2,N2,LSJ2,N2,N2,LSJ2,N2,LSJ2,N2,N2,N2,LSJ2,N2,LSJ2,LSJ2,LSJ2,LSJ2,N2,LSJ2,LSJ2,N2,N2,LSJ2
LSJ2_N2_IV_11178925,CHROMOSOME_IV,11.178925,LSJ2,N2,LSJ2,LSJ2,LSJ2,LSJ2,N2,N2,N2,LSJ2,N2,LSJ2,N2,LSJ2,N2,N2,LSJ2,N2,LSJ2,LSJ2,N2,LSJ2,N2,LSJ2,LSJ2,N2,LSJ2,N2,LSJ2,LSJ2,LSJ2,LSJ2,N2,N2,LSJ2,N2,LSJ2,LSJ2,N2,LSJ2,N2,LSJ2,LSJ2,LSJ2,N2,LSJ2,N2,N2,LSJ2,LSJ2,N2,LSJ2,LSJ2,N2,N2,N2,N2,LSJ2,N2,LSJ2,N2,LSJ2,LSJ2,LSJ2,LSJ2,N2,N2,LSJ2,LSJ2,N2,LSJ2,N2,N2,LSJ2,N2,LSJ2,N2,N2,LSJ2,N2,LSJ2,N2,N2,N2,LSJ2,N2,LSJ2,LSJ2,LSJ2,LSJ2,N2,LSJ2,LSJ2,N2,N2,LSJ2
LSJ2_N2_IV_11477716,CHROMOSOME_IV,11.477716,LSJ2,N2,LSJ2,LSJ2,LSJ2,LSJ2,N2,N2,N2,LSJ2,N2,LSJ2,N2,LSJ2,N2,N2,LSJ2,N2,LSJ2,LSJ2,N2,LSJ2,N2,LSJ2,LSJ2,N2,LSJ2,N2,LSJ2,LSJ2,LSJ2,LSJ2,N2,N2,LSJ2,N2,LSJ2,LSJ2,N2,LSJ2,N2,LSJ2,LSJ2,LSJ2,N2,LSJ2,N2,N2,LSJ2,LSJ2,N2,LSJ2,LSJ2,N2,N2,N2,N2,LSJ2,N2,LSJ2,N2,LSJ2,LSJ2,LSJ2,LSJ2,N2,N2,LSJ2,LSJ2,N2,LSJ2,N2,N2,LSJ2,N2,LSJ2,N2,N2,LSJ2,N2,LSJ2,N2,N2,N2,LSJ2,N2,LSJ2,LSJ2,LSJ2,LSJ2,N2,LSJ2,LSJ2,N2,N2,LSJ2
LSJ2_N2_IV_12578261,CHROMOSOME_IV,12.578261,LSJ2,N2,N2,LSJ2,LSJ2,LSJ2,N2,N2,N2,LSJ2,N2,LSJ2,N2,LSJ2,N2,N2,LSJ2,N2,LSJ2,LSJ2,LSJ2,LSJ2,N2,LSJ2,LSJ2,N2,LSJ2,N2,LSJ2,LSJ2,LSJ2,LSJ2,N2,N2,LSJ2,N2,LSJ2,LSJ2,N2,LSJ2,N2,LSJ2,LSJ2,LSJ2,N2,LSJ2,N2,N2,LSJ2,LSJ2,N2,LSJ2,LSJ2,N2,N2,N2,N2,LSJ2,N2,LSJ2,N2,LSJ2,LSJ2,LSJ2,LSJ2,N2,N2,LSJ2,LSJ2,N2,LSJ2,N2,N2,LSJ2,N2,LSJ2,N2,N2,LSJ2,N2,LSJ2,N2,N2,N2,LSJ2,N2,LSJ2,LSJ2,LSJ2,LSJ2,N2,LSJ2,LSJ2,N2,N2,LSJ2
LSJ2_N2_IV_13765462,CHROMOSOME_IV,13.765462,LSJ2,N2,N2,LSJ2,LSJ2,LSJ2,N2,N2,N2,LSJ2,N2,LSJ2,N2,N2,N2,N2,LSJ2,N2,N2,LSJ2,LSJ2,LSJ2,N2,LSJ2,LSJ2,N2,LSJ2,N2,LSJ2,LSJ2,LSJ2,LSJ2,N2,N2,N2,LSJ2,LSJ2,LSJ2,N2,LSJ2,N2,LSJ2,LSJ2,LSJ2,N2,LSJ2,N2,N2,LSJ2,LSJ2,N2,LSJ2,LSJ2,N2,N2,N2,N2,LSJ2,N2,LSJ2,N2,LSJ2,LSJ2,LSJ2,LSJ2,N2,N2,LSJ2,LSJ2,N2,LSJ2,LSJ2,N2,N2,N2,LSJ2,N2,N2,LSJ2,N2,LSJ2,N2,N2,N2,LSJ2,N2,LSJ2,LSJ2,LSJ2,LSJ2,N2,LSJ2,LSJ2,N2,N2,LSJ2
LSJ2_N2_IV_14534781,CHROMOSOME_IV,14.534781,LSJ2,N2,LSJ2,LSJ2,LSJ2,LSJ2,N2,N2,N2,LSJ2,N2,N2,N2,N2,N2,N2,LSJ2,N2,N2,LSJ2,LSJ2,LSJ2,N2,LSJ2,LSJ2,N2,LSJ2,N2,LSJ2,N2,LSJ2,LSJ2,N2,N2,N2,LSJ2,LSJ2,LSJ2,N2,LSJ2,N2,LSJ2,LSJ2,LSJ2,N2,LSJ2,N2,N2,LSJ2,LSJ2,N2,LSJ2,LSJ2,N2,N2,N2,N2,LSJ2,N2,LSJ2,N2,LSJ2,LSJ2,LSJ2,LSJ2,N2,N2,LSJ2,LSJ2,N2,LSJ2,LSJ2,N2,N2,LSJ2,LSJ2,N2,N2,LSJ2,N2,LSJ2,N2,N2,N2,LSJ2,N2,LSJ2,LSJ2,LSJ2,LSJ2,N2,LSJ2,LSJ2,N2,N2,LSJ2
LSJ2_N2_IV_15014590,CHROMOSOME_IV,15.01459,LSJ2,N2,N2,LSJ2,LSJ2,LSJ2,N2,N2,N2,LSJ2,N2,N2,LSJ2,N2,N2,N2,LSJ2,N2,N2,LSJ2,LSJ2,LSJ2,N2,LSJ2,LSJ2,N2,LSJ2,N2,LSJ2,N2,LSJ2,LSJ2,N2,N2,N2,LSJ2,LSJ2,LSJ2,N2,LSJ2,N2,LSJ2,LSJ2,LSJ2,N2,LSJ2,N2,N2,LSJ2,LSJ2,N2,LSJ2,LSJ2,N2,N2,N2,N2,LSJ2,N2,LSJ2,N2,LSJ2,LSJ2,LSJ2,LSJ2,N2,N2,LSJ2,LSJ2,N2,LSJ2,LSJ2,N2,N2,LSJ2,LSJ2,N2,N2,LSJ2,N2,LSJ2,N2,N2,N2,LSJ2,N2,LSJ2,LSJ2,LSJ2,LSJ2,N2,LSJ2,LSJ2,N2,N2,LSJ2
LSJ2_N2_IV_15294438,CHROMOSOME_IV,15.294438,LSJ2,N2,N2,LSJ2,LSJ2,LSJ2,N2,N2,N2,LSJ2,N2,N2,LSJ2,N2,N2,N2,LSJ2,N2,N2,LSJ2,LSJ2,LSJ2,N2,LSJ2,LSJ2,N2,LSJ2,N2,LSJ2,N2,LSJ2,LSJ2,N2,N2,N2,LSJ2,LSJ2,LSJ2,N2,LSJ2,N2,LSJ2,LSJ2,LSJ2,N2,LSJ2,N2,N2,LSJ2,LSJ2,N2,LSJ2,LSJ2,N2,N2,N2,N2,LSJ2,N2,LSJ2,N2,LSJ2,LSJ2,LSJ2,LSJ2,N2,N2,LSJ2,LSJ2,N2,LSJ2,LSJ2,N2,LSJ2,LSJ2,LSJ2,N2,N2,LSJ2,N2,LSJ2,N2,N2,N2,LSJ2,N2,LSJ2,LSJ2,LSJ2,LSJ2,N2,LSJ2,LSJ2,N2,N2,LSJ2
LSJ2_N2_IV_15712862,CHROMOSOME_IV,15.712862,LSJ2,N2,N2,LSJ2,LSJ2,LSJ2,N2,N2,N2,LSJ2,N2,N2,LSJ2,N2,N2,N2,LSJ2,N2,N2,LSJ2,LSJ2,LSJ2,N2,LSJ2,LSJ2,N2,LSJ2,N2,LSJ2,N2,LSJ2,LSJ2,N2,N2,N2,LSJ2,LSJ2,LSJ2,N2,LSJ2,N2,LSJ2,LSJ2,LSJ2,N2,LSJ2,N2,N2,LSJ2,LSJ2,N2,LSJ2,LSJ2,N2,N2,N2,N2,LSJ2,N2,LSJ2,N2,LSJ2,LSJ2,LSJ2,LSJ2,N2,N2,LSJ2,LSJ2,N2,LSJ2,LSJ2,N2,LSJ2,LSJ2,LSJ2,N2,N2,LSJ2,N2,LSJ2,N2,N2,N2,LSJ2,N2,LSJ2,LSJ2,LSJ2,LSJ2,N2,LSJ2,LSJ2,N2,N2,LSJ2
LSJ2_N2_IV_16330795,CHROMOSOME_IV,16.330795,LSJ2,N2,N2,LSJ2,LSJ2,LSJ2,N2,N2,N2,LSJ2,N2,N2,LSJ2,N2,N2,N2,LSJ2,N2,N2,LSJ2,LSJ2,LSJ2,N2,LSJ2,LSJ2,N2,LSJ2,N2,LSJ2,N2,LSJ2,LSJ2,N2,N2,N2,LSJ2,LSJ2,LSJ2,N2,LSJ2,N2,LSJ2,LSJ2,LSJ2,N2,LSJ2,N2,N2,LSJ2,LSJ2,N2,LSJ2,LSJ2,N2,N2,N2,N2,LSJ2,N2,LSJ2,N2,LSJ2,LSJ2,LSJ2,LSJ2,N2,N2,LSJ2,LSJ2,N2,LSJ2,LSJ2,N2,LSJ2,LSJ2,LSJ2,LSJ2,N2,LSJ2,N2,LSJ2,N2,N2,N2,LSJ2,N2,LSJ2,LSJ2,LSJ2,LSJ2,N2,LSJ2,LSJ2,N2,N2,LSJ2
LSJ2_N2_IV_16747498,CHROMOSOME_IV,16.747498,LSJ2,N2,N2,LSJ2,LSJ2,LSJ2,N2,N2,N2,LSJ2,N2,N2,LSJ2,N2,N2,N2,LSJ2,N2,N2,LSJ2,LSJ2,LSJ2,N2,LSJ2,LSJ2,N2,LSJ2,N2,LSJ2,N2,LSJ2,LSJ2,N2,N2,N2,LSJ2,LSJ2,LSJ2,N2,LSJ2,N2,LSJ2,LSJ2,LSJ2,N2,LSJ2,N2,N2,LSJ2,LSJ2,N2,LSJ2,LSJ2,N2,N2,N2,N2,LSJ2,N2,LSJ2,N2,LSJ2,LSJ2,LSJ2,LSJ2,N2,N2,LSJ2,LSJ2,N2,LSJ2,LSJ2,N2,LSJ2,LSJ2,LSJ2,LSJ2,N2,LSJ2,N2,LSJ2,N2,N2,N2,LSJ2,N2,LSJ2,LSJ2,LSJ2,LSJ2,N2,LSJ2,LSJ2,N2,N2,LSJ2
LSJ2_N2_IV_17009357,CHROMOSOME_IV,17.009357,LSJ2,N2,N2,LSJ2,LSJ2,LSJ2,N2,N2,N2,LSJ2,N2,N2,LSJ2,N2,N2,N2,LSJ2,N2,N2,LSJ2,LSJ2,LSJ2,N2,LSJ2,LSJ2,N2,LSJ2,N2,LSJ2,N2,LSJ2,LSJ2,N2,N2,N2,LSJ2,LSJ2,LSJ2,N2,LSJ2,N2,LSJ2,LSJ2,LSJ2,N2,LSJ2,N2,N2,LSJ2,LSJ2,N2,LSJ2,LSJ2,N2,N2,N2,N2,LSJ2,N2,LSJ2,N2,LSJ2,LSJ2,LSJ2,LSJ2,N2,N2,LSJ2,LSJ2,N2,LSJ2,LSJ2,LSJ2,LSJ2,LSJ2,LSJ2,LSJ2,N2,LSJ2,N2,LSJ2,N2,N2,N2,LSJ2,N2,LSJ2,LSJ2,LSJ2,LSJ2,N2,LSJ2,LSJ2,N2,N2,LSJ2
LSJ2_N2_IV_17208541,CHROMOSOME_IV,17.208541,LSJ2,N2,N2,LSJ2,LSJ2,LSJ2,N2,N2,N2,LSJ2,N2,N2,LSJ2,N2,N2,N2,LSJ2,N2,N2,LSJ2,LSJ2,LSJ2,N2,LSJ2,LSJ2,N2,LSJ2,N2,LSJ2,N2,LSJ2,LSJ2,N2,N2,N2,LSJ2,LSJ2,LSJ2,N2,LSJ2,N2,LSJ2,LSJ2,LSJ2,N2,N2,N2,N2,LSJ2,LSJ2,N2,LSJ2,LSJ2,N2,N2,N2,N2,LSJ2,N2,LSJ2,N2,LSJ2,LSJ2,LSJ2,LSJ2,N2,N2,LSJ2,LSJ2,N2,LSJ2,LSJ2,LSJ2,LSJ2,LSJ2,LSJ2,LSJ2,N2,LSJ2,N2,LSJ2,N2,N2,N2,LSJ2,N2,LSJ2,LSJ2,LSJ2,LSJ2,N2,LSJ2,LSJ2,N2,N2,LSJ2
LSJ2_N2_V_437247,CHROMOSOME_V,0.437247,LSJ2,N2,N2,N2,LSJ2,N2,N2,N2,N2,N2,LSJ2,LSJ2,LSJ2,N2,N2,N2,LSJ2,LSJ2,N2,LSJ2,N2,N2,N2,LSJ2,LSJ2,N2,LSJ2,LSJ2,N2,LSJ2,LSJ2,LSJ2,N2,N2,N2,N2,N2,LSJ2,N2,N2,LSJ2,N2,LSJ2,N2,LSJ2,LSJ2,LSJ2,N2,LSJ2,LSJ2,N2,N2,N2,N2,N2,LSJ2,LSJ2,N2,LSJ2,LSJ2,N2,N2,LSJ2,N2,LSJ2,N2,LSJ2,LSJ2,LSJ2,LSJ2,LSJ2,LSJ2,N2,LSJ2,LSJ2,N2,LSJ2,LSJ2,N2,LSJ2,LSJ2,N2,N2,LSJ2,LSJ2,LSJ2,LSJ2,N2,LSJ2,LSJ2,LSJ2,N2,LSJ2,N2,LSJ2,LSJ2
LSJ2_N2_V_826382,CHROMOSOME_V,0.826382,LSJ2,N2,N2,N2,LSJ2,N2,N2,N2,N2,N2,LSJ2,LSJ2,LSJ2,N2,N2,N2,LSJ2,LSJ2,N2,LSJ2,N2,N2,N2,LSJ2,LSJ2,N2,LSJ2,LSJ2,N2,LSJ2,LSJ2,LSJ2,N2,N2,N2,N2,N2,LSJ2,N2,N2,LSJ2,N2,LSJ2,N2,LSJ2,LSJ2,LSJ2,N2,LSJ2,LSJ2,N2,N2,N2,N2,N2,LSJ2,LSJ2,N2,LSJ2,LSJ2,N2,N2,LSJ2,N2,LSJ2,N2,LSJ2,LSJ2,LSJ2,LSJ2,LSJ2,LSJ2,N2,LSJ2,LSJ2,N2,LSJ2,LSJ2,N2,LSJ2,LSJ2,N2,N2,LSJ2,LSJ2,LSJ2,LSJ2,N2,LSJ2,LSJ2,LSJ2,N2,LSJ2,N2,LSJ2,LSJ2
LSJ2_N2_V_2087218,CHROMOSOME_V,2.087218,LSJ2,N2,N2,N2,LSJ2,N2,N2,N2,N2,N2,LSJ2,LSJ2,LSJ2,N2,N2,N2,LSJ2,LSJ2,N2,LSJ2,N2,N2,N2,LSJ2,LSJ2,N2,LSJ2,LSJ2,N2,N2,LSJ2,LSJ2,N2,N2,N2,N2,N2,LSJ2,N2,N2,LSJ2,N2,LSJ2,N2,LSJ2,LSJ2,LSJ2,N2,LSJ2,N2,N2,LSJ2,N2,N2,N2,LSJ2,LSJ2,N2,LSJ2,LSJ2,N2,N2,LSJ2,N2,LSJ2,N2,LSJ2,LSJ2,LSJ2,LSJ2,LSJ2,LSJ2,N2,LSJ2,LSJ2,N2,LSJ2,LSJ2,N2,LSJ2,LSJ2,N2,N2,LSJ2,LSJ2,LSJ2,LSJ2,N2,LSJ2,LSJ2,LSJ2,N2,LSJ2,N2,LSJ2,LSJ2
LSJ2_N2_V_2699940,CHROMOSOME_V,2.69994,LSJ2,N2,N2,N2,LSJ2,N2,N2,N2,N2,N2,LSJ2,LSJ2,LSJ2,N2,N2,N2,LSJ2,LSJ2,N2,LSJ2,N2,N2,N2,LSJ2,LSJ2,N2,LSJ2,LSJ2,N2,N2,LSJ2,LSJ2,N2,N2,N2,N2,N2,LSJ2,N2,N2,LSJ2,N2,LSJ2,N2,N2,LSJ2,LSJ2,N2,LSJ2,N2,N2,LSJ2,N2,N2,N2,LSJ2,LSJ2,N2,LSJ2,LSJ2,N2,N2,LSJ2,N2,LSJ2,N2,LSJ2,LSJ2,LSJ2,LSJ2,LSJ2,LSJ2,N2,LSJ2,LSJ2,N2,LSJ2,LSJ2,N2,LSJ2,LSJ2,N2,N2,LSJ2,LSJ2,LSJ2,N2,N2,LSJ2,LSJ2,LSJ2,N2,LSJ2,N2,LSJ2,LSJ2
LSJ2_N2_V_3216743,CHROMOSOME_V,3.216743,LSJ2,N2,N2,N2,LSJ2,N2,N2,N2,N2,N2,LSJ2,LSJ2,LSJ2,N2,N2,N2,LSJ2,LSJ2,N2,LSJ2,N2,N2,N2,LSJ2,LSJ2,N2,LSJ2,LSJ2,N2,N2,LSJ2,LSJ2,N2,N2,N2,N2,N2,LSJ2,N2,N2,LSJ2,N2,LSJ2,N2,N2,LSJ2,LSJ2,N2,LSJ2,N2,LSJ2,LSJ2,N2,N2,N2,LSJ2,LSJ2,N2,LSJ2,LSJ2,N2,LSJ2,LSJ2,N2,LSJ2,N2,LSJ2,LSJ2,LSJ2,LSJ2,LSJ2,LSJ2,N2,LSJ2,LSJ2,N2,LSJ2,LSJ2,N2,LSJ2,LSJ2,N2,N2,LSJ2,LSJ2,LSJ2,N2,N2,LSJ2,LSJ2,LSJ2,N2,LSJ2,N2,LSJ2,LSJ2
LSJ2_N2_V_3648001,CHROMOSOME_V,3.648001,LSJ2,N2,N2,N2,LSJ2,N2,N2,N2,N2,N2,LSJ2,LSJ2,N2,N2,N2,N2,LSJ2,LSJ2,N2,LSJ2,N2,N2,N2,LSJ2,LSJ2,N2,None,LSJ2,N2,N2,LSJ2,LSJ2,N2,N2,N2,N2,N2,LSJ2,N2,N2,LSJ2,N2,LSJ2,N2,N2,LSJ2,LSJ2,N2,LSJ2,N2,LSJ2,LSJ2,N2,N2,N2,LSJ2,LSJ2,N2,LSJ2,LSJ2,N2,N2,LSJ2,N2,LSJ2,N2,LSJ2,LSJ2,LSJ2,LSJ2,N2,LSJ2,N2,LSJ2,LSJ2,N2,LSJ2,LSJ2,N2,N2,LSJ2,N2,N2,LSJ2,LSJ2,LSJ2,N2,N2,LSJ2,LSJ2,LSJ2,N2,LSJ2,N2,LSJ2,LSJ2
LSJ2_N2_V_3850519,CHROMOSOME_V,3.850519,LSJ2,N2,N2,N2,LSJ2,N2,N2,N2,N2,N2,LSJ2,LSJ2,N2,N2,N2,N2,N2,LSJ2,N2,LSJ2,N2,N2,N2,LSJ2,LSJ2,N2,N2,LSJ2,N2,N2,LSJ2,LSJ2,N2,N2,N2,N2,N2,LSJ2,N2,N2,LSJ2,N2,LSJ2,N2,N2,LSJ2,LSJ2,N2,LSJ2,N2,LSJ2,LSJ2,N2,N2,N2,LSJ2,LSJ2,N2,N2,LSJ2,N2,N2,LSJ2,N2,LSJ2,N2,LSJ2,LSJ2,LSJ2,LSJ2,N2,LSJ2,N2,LSJ2,LSJ2,N2,LSJ2,LSJ2,N2,N2,LSJ2,N2,N2,LSJ2,LSJ2,LSJ2,N2,N2,LSJ2,LSJ2,LSJ2,N2,LSJ2,N2,LSJ2,LSJ2
LSJ2_N2_V_4002551,CHROMOSOME_V,4.002551,LSJ2,N2,N2,N2,LSJ2,N2,N2,N2,N2,N2,LSJ2,LSJ2,N2,N2,N2,N2,N2,LSJ2,N2,LSJ2,N2,N2,N2,LSJ2,LSJ2,N2,N2,LSJ2,N2,N2,LSJ2,LSJ2,N2,N2,N2,N2,N2,LSJ2,N2,N2,LSJ2,N2,LSJ2,N2,N2,LSJ2,LSJ2,N2,LSJ2,N2,LSJ2,LSJ2,N2,N2,N2,LSJ2,LSJ2,N2,N2,LSJ2,N2,N2,LSJ2,N2,LSJ2,N2,LSJ2,LSJ2,LSJ2,LSJ2,N2,LSJ2,N2,LSJ2,LSJ2,N2,LSJ2,LSJ2,N2,N2,LSJ2,LSJ2,N2,LSJ2,LSJ2,LSJ2,N2,N2,LSJ2,LSJ2,LSJ2,N2,LSJ2,N2,LSJ2,LSJ2
LSJ2_N2_V_4298528,CHROMOSOME_V,4.298528,LSJ2,N2,N2,N2,LSJ2,N2,N2,N2,N2,N2,LSJ2,LSJ2,N2,N2,N2,N2,N2,LSJ2,N2,LSJ2,N2,N2,N2,LSJ2,LSJ2,LSJ2,N2,LSJ2,N2,N2,LSJ2,LSJ2,N2,N2,N2,N2,N2,LSJ2,N2,N2,LSJ2,N2,LSJ2,N2,N2,LSJ2,LSJ2,N2,LSJ2,N2,LSJ2,LSJ2,N2,N2,N2,LSJ2,LSJ2,N2,N2,LSJ2,N2,N2,LSJ2,N2,LSJ2,N2,LSJ2,LSJ2,LSJ2,LSJ2,N2,LSJ2,N2,LSJ2,LSJ2,N2,LSJ2,LSJ2,N2,N2,LSJ2,LSJ2,N2,N2,LSJ2,LSJ2,N2,N2,LSJ2,LSJ2,LSJ2,N2,LSJ2,N2,LSJ2,LSJ2
LSJ2_N2_V_4580168,CHROMOSOME_V,4.580168,LSJ2,N2,N2,N2,LSJ2,N2,N2,N2,N2,N2,LSJ2,LSJ2,N2,N2,N2,N2,N2,LSJ2,N2,LSJ2,N2,N2,N2,LSJ2,LSJ2,LSJ2,N2,LSJ2,N2,N2,LSJ2,LSJ2,N2,N2,N2,N2,N2,LSJ2,N2,N2,LSJ2,N2,LSJ2,N2,N2,LSJ2,LSJ2,N2,LSJ2,N2,LSJ2,LSJ2,N2,N2,N2,LSJ2,LSJ2,N2,N2,LSJ2,N2,N2,LSJ2,N2,LSJ2,N2,LSJ2,LSJ2,LSJ2,LSJ2,N2,LSJ2,N2,LSJ2,LSJ2,N2,LSJ2,LSJ2,N2,N2,LSJ2,LSJ2,N2,N2,LSJ2,LSJ2,N2,N2,LSJ2,LSJ2,LSJ2,N2,LSJ2,N2,N2,LSJ2
LSJ2_N2_V_5251529,CHROMOSOME_V,5.251529,LSJ2,N2,N2,N2,LSJ2,N2,N2,N2,N2,N2,LSJ2,LSJ2,LSJ2,N2,N2,N2,N2,LSJ2,N2,LSJ2,N2,N2,N2,LSJ2,LSJ2,LSJ2,N2,N2,N2,N2,LSJ2,LSJ2,N2,N2,LSJ2,N2,N2,LSJ2,N2,N2,LSJ2,N2,LSJ2,N2,N2,LSJ2,LSJ2,N2,LSJ2,N2,LSJ2,LSJ2,LSJ2,LSJ2,N2,LSJ2,LSJ2,N2,N2,LSJ2,N2,N2,LSJ2,N2,LSJ2,N2,N2,LSJ2,LSJ2,LSJ2,N2,LSJ2,LSJ2,LSJ2,LSJ2,LSJ2,LSJ2,LSJ2,N2,N2,LSJ2,LSJ2,N2,N2,LSJ2,LSJ2,N2,N2,LSJ2,LSJ2,LSJ2,N2,LSJ2,N2,N2,LSJ2
LSJ2_N2_V_5396323,CHROMOSOME_V,5.396323,LSJ2,N2,N2,N2,LSJ2,N2,N2,N2,N2,N2,LSJ2,LSJ2,LSJ2,N2,N2,N2,N2,LSJ2,N2,LSJ2,N2,N2,N2,LSJ2,LSJ2,LSJ2,N2,N2,N2,N2,LSJ2,LSJ2,N2,N2,LSJ2,N2,N2,LSJ2,N2,N2,LSJ2,N2,LSJ2,N2,N2,LSJ2,LSJ2,N2,LSJ2,N2,LSJ2,LSJ2,LSJ2,LSJ2,N2,LSJ2,LSJ2,N2,N2,LSJ2,N2,N2,LSJ2,N2,LSJ2,N2,N2,LSJ2,LSJ2,LSJ2,N2,LSJ2,LSJ2,LSJ2,LSJ2,LSJ2,LSJ2,LSJ2,N2,N2,LSJ2,LSJ2,N2,N2,LSJ2,LSJ2,N2,N2,LSJ2,LSJ2,LSJ2,N2,LSJ2,N2,N2,LSJ2
LSJ2_N2_V_6046025,CHROMOSOME_V,6.046025,LSJ2,N2,N2,N2,LSJ2,N2,N2,N2,N2,N2,LSJ2,LSJ2,LSJ2,N2,N2,N2,N2,LSJ2,N2,LSJ2,N2,N2,N2,N2,LSJ2,LSJ2,N2,N2,N2,N2,LSJ2,LSJ2,N2,N2,LSJ2,N2,N2,LSJ2,N2,LSJ2,LSJ2,N2,LSJ2,N2,N2,LSJ2,LSJ2,N2,LSJ2,N2,LSJ2,LSJ2,LSJ2,LSJ2,N2,LSJ2,LSJ2,N2,N2,LSJ2,N2,N2,LSJ2,N2,LSJ2,N2,N2,LSJ2,LSJ2,LSJ2,N2,LSJ2,LSJ2,LSJ2,N2,LSJ2,LSJ2,LSJ2,LSJ2,N2,LSJ2,LSJ2,N2,N2,LSJ2,LSJ2,N2,N2,LSJ2,LSJ2,LSJ2,N2,LSJ2,N2,N2,LSJ2
LSJ2_N2_V_6683996,CHROMOSOME_V,6.683996,LSJ2,N2,N2,N2,LSJ2,N2,N2,N2,N2,N2,N2,LSJ2,LSJ2,N2,N2,N2,N2,LSJ2,N2,LSJ2,N2,N2,N2,N2,LSJ2,LSJ2,N2,N2,N2,N2,LSJ2,N2,N2,N2,LSJ2,N2,N2,LSJ2,N2,LSJ2,LSJ2,N2,LSJ2,N2,N2,LSJ2,LSJ2,N2,LSJ2,N2,LSJ2,LSJ2,LSJ2,LSJ2,N2,LSJ2,LSJ2,N2,N2,LSJ2,N2,N2,LSJ2,N2,LSJ2,N2,N2,LSJ2,LSJ2,LSJ2,N2,LSJ2,LSJ2,LSJ2,N2,LSJ2,LSJ2,LSJ2,LSJ2,N2,LSJ2,LSJ2,N2,N2,LSJ2,LSJ2,N2,N2,LSJ2,LSJ2,LSJ2,N2,LSJ2,N2,N2,LSJ2
LSJ2_N2_V_6709900,CHROMOSOME_V,6.7099,LSJ2,N2,N2,N2,LSJ2,N2,N2,N2,N2,N2,N2,LSJ2,LSJ2,N2,N2,N2,N2,LSJ2,N2,N2,N2,N2,N2,N2,LSJ2,LSJ2,N2,N2,N2,N2,N2,N2,N2,N2,LSJ2,N2,N2,N2,N2,LSJ2,LSJ2,N2,LSJ2,N2,N2,LSJ2,LSJ2,N2,LSJ2,N2,LSJ2,LSJ2,LSJ2,LSJ2,N2,LSJ2,LSJ2,N2,N2,LSJ2,N2,N2,LSJ2,N2,LSJ2,N2,N2,LSJ2,LSJ2,LSJ2,N2,LSJ2,LSJ2,LSJ2,N2,LSJ2,LSJ2,LSJ2,LSJ2,N2,LSJ2,LSJ2,N2,N2,LSJ2,LSJ2,N2,N2,LSJ2,LSJ2,LSJ2,N2,LSJ2,N2,N2,LSJ2
LSJ2_N2_V_7713833,CHROMOSOME_V,7.713833,LSJ2,N2,N2,N2,LSJ2,N2,N2,N2,N2,N2,N2,N2,LSJ2,N2,N2,N2,N2,LSJ2,N2,LSJ2,N2,N2,N2,N2,LSJ2,LSJ2,N2,N2,N2,N2,LSJ2,N2,N2,N2,LSJ2,N2,N2,LSJ2,N2,LSJ2,LSJ2,N2,LSJ2,N2,N2,LSJ2,LSJ2,N2,LSJ2,N2,LSJ2,LSJ2,LSJ2,LSJ2,N2,LSJ2,LSJ2,N2,N2,LSJ2,N2,N2,LSJ2,N2,LSJ2,N2,N2,LSJ2,LSJ2,LSJ2,N2,LSJ2,LSJ2,LSJ2,LSJ2,LSJ2,LSJ2,LSJ2,LSJ2,N2,LSJ2,LSJ2,N2,N2,LSJ2,LSJ2,N2,N2,LSJ2,LSJ2,LSJ2,N2,LSJ2,N2,N2,LSJ2
LSJ2_N2_V_9260061,CHROMOSOME_V,9.260061,LSJ2,N2,N2,N2,LSJ2,N2,N2,N2,N2,N2,N2,N2,LSJ2,N2,N2,N2,LSJ2,LSJ2,N2,LSJ2,N2,N2,N2,N2,LSJ2,LSJ2,N2,N2,LSJ2,N2,LSJ2,N2,N2,N2,LSJ2,N2,N2,LSJ2,N2,LSJ2,LSJ2,N2,LSJ2,N2,N2,LSJ2,LSJ2,N2,LSJ2,N2,LSJ2,LSJ2,N2,LSJ2,N2,LSJ2,LSJ2,N2,None,LSJ2,LSJ2,N2,LSJ2,N2,LSJ2,N2,N2,LSJ2,LSJ2,LSJ2,N2,LSJ2,LSJ2,LSJ2,LSJ2,LSJ2,LSJ2,LSJ2,LSJ2,N2,LSJ2,LSJ2,N2,LSJ2,LSJ2,LSJ2,N2,N2,N2,LSJ2,LSJ2,N2,LSJ2,N2,N2,LSJ2
LSJ2_N2_V_11019541,CHROMOSOME_V,11.019541,LSJ2,N2,LSJ2,N2,LSJ2,LSJ2,N2,N2,N2,N2,N2,N2,LSJ2,N2,N2,N2,LSJ2,LSJ2,N2,LSJ2,N2,N2,N2,N2,LSJ2,LSJ2,N2,N2,LSJ2,N2,LSJ2,N2,N2,N2,LSJ2,N2,N2,LSJ2,N2,LSJ2,LSJ2,N2,LSJ2,N2,N2,LSJ2,LSJ2,N2,LSJ2,N2,LSJ2,LSJ2,N2,LSJ2,N2,N2,LSJ2,N2,LSJ2,LSJ2,LSJ2,N2,LSJ2,N2,LSJ2,N2,N2,LSJ2,LSJ2,LSJ2,N2,LSJ2,LSJ2,LSJ2,LSJ2,LSJ2,LSJ2,LSJ2,LSJ2,N2,LSJ2,LSJ2,N2,LSJ2,N2,LSJ2,N2,N2,N2,LSJ2,LSJ2,N2,LSJ2,N2,N2,LSJ2
LSJ2_N2_V_11524428,CHROMOSOME_V,11.524428,LSJ2,N2,N2,N2,LSJ2,LSJ2,N2,N2,N2,N2,N2,N2,LSJ2,N2,N2,N2,LSJ2,LSJ2,N2,N2,N2,N2,N2,N2,LSJ2,LSJ2,N2,N2,LSJ2,N2,N2,N2,N2,N2,LSJ2,N2,N2,N2,N2,LSJ2,LSJ2,N2,LSJ2,N2,N2,LSJ2,LSJ2,N2,LSJ2,N2,LSJ2,LSJ2,N2,LSJ2,N2,N2,LSJ2,N2,LSJ2,LSJ2,LSJ2,N2,LSJ2,N2,LSJ2,N2,N2,LSJ2,LSJ2,LSJ2,N2,LSJ2,LSJ2,LSJ2,N2,LSJ2,LSJ2,LSJ2,LSJ2,N2,LSJ2,LSJ2,N2,LSJ2,N2,LSJ2,N2,N2,N2,LSJ2,LSJ2,N2,LSJ2,N2,N2,LSJ2
LSJ2_N2_V_11596660,CHROMOSOME_V,11.59666,LSJ2,N2,LSJ2,N2,LSJ2,LSJ2,N2,N2,N2,N2,N2,N2,LSJ2,N2,N2,N2,LSJ2,LSJ2,N2,LSJ2,N2,N2,N2,N2,LSJ2,LSJ2,N2,N2,LSJ2,N2,LSJ2,N2,N2,N2,LSJ2,N2,N2,LSJ2,N2,LSJ2,LSJ2,N2,LSJ2,N2,N2,LSJ2,LSJ2,N2,LSJ2,N2,LSJ2,LSJ2,N2,LSJ2,N2,N2,LSJ2,N2,LSJ2,LSJ2,LSJ2,N2,LSJ2,N2,LSJ2,N2,N2,LSJ2,LSJ2,LSJ2,N2,LSJ2,LSJ2,LSJ2,LSJ2,LSJ2,LSJ2,LSJ2,LSJ2,N2,LSJ2,LSJ2,N2,LSJ2,N2,LSJ2,N2,N2,N2,LSJ2,LSJ2,N2,LSJ2,N2,N2,LSJ2
LSJ2_N2_V_11692431,CHROMOSOME_V,11.692431,LSJ2,N2,LSJ2,N2,LSJ2,LSJ2,N2,N2,N2,N2,N2,N2,LSJ2,N2,N2,N2,LSJ2,LSJ2,N2,LSJ2,N2,N2,N2,N2,LSJ2,LSJ2,N2,N2,LSJ2,N2,LSJ2,N2,N2,N2,LSJ2,N2,N2,LSJ2,N2,LSJ2,LSJ2,N2,LSJ2,N2,N2,LSJ2,LSJ2,N2,LSJ2,N2,LSJ2,LSJ2,N2,LSJ2,N2,N2,LSJ2,N2,LSJ2,LSJ2,LSJ2,N2,LSJ2,N2,LSJ2,N2,N2,LSJ2,LSJ2,LSJ2,N2,LSJ2,LSJ2,LSJ2,LSJ2,LSJ2,LSJ2,LSJ2,LSJ2,N2,LSJ2,LSJ2,N2,LSJ2,N2,LSJ2,N2,N2,N2,LSJ2,LSJ2,N2,LSJ2,N2,N2,LSJ2
LSJ2_N2_V_12503974,CHROMOSOME_V,12.503974,LSJ2,N2,LSJ2,N2,LSJ2,LSJ2,N2,N2,N2,N2,N2,N2,LSJ2,N2,N2,N2,LSJ2,LSJ2,N2,LSJ2,N2,N2,N2,N2,LSJ2,LSJ2,N2,N2,LSJ2,N2,LSJ2,N2,N2,N2,LSJ2,N2,N2,LSJ2,N2,LSJ2,LSJ2,N2,LSJ2,N2,N2,LSJ2,LSJ2,N2,LSJ2,N2,LSJ2,LSJ2,N2,LSJ2,N2,N2,LSJ2,N2,LSJ2,LSJ2,LSJ2,N2,LSJ2,N2,LSJ2,N2,N2,LSJ2,LSJ2,LSJ2,N2,LSJ2,LSJ2,LSJ2,LSJ2,LSJ2,LSJ2,N2,LSJ2,N2,LSJ2,LSJ2,N2,LSJ2,N2,LSJ2,N2,N2,N2,LSJ2,LSJ2,N2,LSJ2,N2,N2,LSJ2
LSJ2_N2_V_12868601,CHROMOSOME_V,12.868601,LSJ2,N2,LSJ2,N2,LSJ2,LSJ2,N2,N2,N2,N2,N2,N2,LSJ2,N2,N2,N2,LSJ2,LSJ2,N2,LSJ2,N2,N2,N2,N2,LSJ2,LSJ2,N2,N2,LSJ2,N2,LSJ2,N2,N2,N2,LSJ2,N2,N2,LSJ2,N2,LSJ2,LSJ2,N2,LSJ2,N2,N2,LSJ2,LSJ2,N2,LSJ2,N2,LSJ2,LSJ2,N2,LSJ2,N2,N2,LSJ2,N2,LSJ2,LSJ2,LSJ2,N2,LSJ2,N2,LSJ2,N2,N2,LSJ2,LSJ2,LSJ2,N2,LSJ2,LSJ2,LSJ2,LSJ2,LSJ2,LSJ2,N2,LSJ2,N2,LSJ2,LSJ2,N2,LSJ2,N2,LSJ2,N2,N2,N2,LSJ2,LSJ2,N2,LSJ2,N2,N2,LSJ2
LSJ2_N2_V_14486410,CHROMOSOME_V,14.48641,LSJ2,N2,LSJ2,N2,LSJ2,LSJ2,N2,N2,N2,N2,N2,N2,N2,N2,N2,N2,LSJ2,LSJ2,LSJ2,LSJ2,N2,N2,N2,N2,LSJ2,LSJ2,N2,N2,LSJ2,N2,LSJ2,N2,N2,N2,LSJ2,N2,N2,N2,N2,LSJ2,LSJ2,N2,LSJ2,N2,N2,LSJ2,LSJ2,N2,LSJ2,N2,LSJ2,LSJ2,N2,LSJ2,N2,N2,LSJ2,N2,LSJ2,LSJ2,LSJ2,N2,LSJ2,N2,LSJ2,N2,N2,LSJ2,LSJ2,LSJ2,N2,LSJ2,LSJ2,LSJ2,LSJ2,LSJ2,LSJ2,N2,LSJ2,N2,LSJ2,LSJ2,N2,LSJ2,N2,LSJ2,N2,N2,N2,LSJ2,LSJ2,N2,LSJ2,N2,N2,LSJ2
LSJ2_N2_V_14556088,CHROMOSOME_V,14.556088,LSJ2,N2,LSJ2,N2,LSJ2,LSJ2,N2,N2,N2,N2,N2,N2,N2,N2,N2,N2,LSJ2,LSJ2,LSJ2,LSJ2,N2,N2,N2,N2,LSJ2,LSJ2,N2,N2,LSJ2,N2,LSJ2,N2,N2,N2,LSJ2,N2,N2,N2,N2,LSJ2,LSJ2,N2,LSJ2,N2,N2,LSJ2,LSJ2,N2,LSJ2,N2,LSJ2,LSJ2,N2,LSJ2,N2,N2,LSJ2,N2,LSJ2,LSJ2,LSJ2,N2,LSJ2,N2,LSJ2,N2,N2,LSJ2,LSJ2,LSJ2,N2,LSJ2,LSJ2,LSJ2,LSJ2,LSJ2,LSJ2,N2,LSJ2,N2,LSJ2,LSJ2,N2,LSJ2,N2,LSJ2,N2,N2,N2,LSJ2,LSJ2,N2,LSJ2,N2,N2,LSJ2
LSJ2_N2_V_15159871,CHROMOSOME_V,15.159871,LSJ2,N2,LSJ2,N2,LSJ2,LSJ2,N2,N2,N2,N2,N2,N2,N2,N2,N2,N2,LSJ2,LSJ2,LSJ2,LSJ2,N2,N2,N2,N2,LSJ2,LSJ2,N2,N2,LSJ2,N2,LSJ2,N2,N2,N2,LSJ2,N2,N2,N2,N2,LSJ2,LSJ2,N2,LSJ2,N2,N2,LSJ2,LSJ2,N2,LSJ2,N2,LSJ2,LSJ2,N2,LSJ2,N2,N2,LSJ2,N2,LSJ2,LSJ2,LSJ2,LSJ2,LSJ2,N2,LSJ2,N2,N2,LSJ2,LSJ2,LSJ2,N2,LSJ2,LSJ2,LSJ2,LSJ2,LSJ2,LSJ2,N2,LSJ2,N2,LSJ2,LSJ2,N2,LSJ2,N2,LSJ2,N2,N2,N2,LSJ2,LSJ2,N2,LSJ2,N2,N2,LSJ2
LSJ2_N2_V_16462873,CHROMOSOME_V,16.462873,LSJ2,N2,LSJ2,N2,LSJ2,LSJ2,N2,N2,N2,N2,N2,N2,N2,N2,N2,N2,LSJ2,LSJ2,LSJ2,LSJ2,N2,N2,N2,N2,LSJ2,LSJ2,N2,N2,LSJ2,N2,LSJ2,N2,N2,N2,LSJ2,N2,N2,N2,LSJ2,LSJ2,LSJ2,N2,LSJ2,N2,N2,N2,LSJ2,N2,LSJ2,N2,LSJ2,LSJ2,N2,LSJ2,N2,N2,LSJ2,LSJ2,LSJ2,LSJ2,LSJ2,N2,LSJ2,N2,LSJ2,N2,N2,LSJ2,LSJ2,LSJ2,N2,LSJ2,LSJ2,LSJ2,LSJ2,LSJ2,LSJ2,N2,LSJ2,N2,N2,LSJ2,N2,LSJ2,N2,LSJ2,N2,N2,N2,LSJ2,LSJ2,N2,LSJ2,N2,N2,N2
LSJ2_N2_V_18039105,CHROMOSOME_V,18.039105,LSJ2,N2,LSJ2,N2,LSJ2,LSJ2,LSJ2,N2,LSJ2,N2,N2,N2,N2,N2,LSJ2,LSJ2,LSJ2,LSJ2,N2,LSJ2,N2,N2,N2,N2,LSJ2,LSJ2,N2,N2,N2,N2,N2,N2,N2,N2,LSJ2,N2,N2,N2,LSJ2,N2,LSJ2,N2,LSJ2,N2,N2,N2,LSJ2,LSJ2,LSJ2,N2,LSJ2,LSJ2,N2,LSJ2,N2,N2,LSJ2,LSJ2,LSJ2,LSJ2,LSJ2,N2,LSJ2,LSJ2,LSJ2,N2,LSJ2,LSJ2,LSJ2,LSJ2,N2,LSJ2,LSJ2,N2,N2,LSJ2,LSJ2,N2,LSJ2,N2,N2,LSJ2,N2,LSJ2,N2,LSJ2,N2,N2,N2,LSJ2,LSJ2,N2,LSJ2,LSJ2,N2,N2
LSJ2_N2_V_18122218,CHROMOSOME_V,18.122218,LSJ2,N2,LSJ2,N2,LSJ2,LSJ2,LSJ2,N2,LSJ2,N2,N2,N2,N2,N2,LSJ2,LSJ2,LSJ2,LSJ2,N2,N2,N2,N2,N2,N2,LSJ2,LSJ2,N2,N2,N2,N2,N2,N2,N2,N2,LSJ2,N2,N2,N2,LSJ2,N2,LSJ2,N2,LSJ2,N2,N2,N2,LSJ2,LSJ2,LSJ2,N2,LSJ2,LSJ2,N2,LSJ2,N2,N2,LSJ2,LSJ2,LSJ2,LSJ2,LSJ2,N2,LSJ2,LSJ2,LSJ2,N2,LSJ2,LSJ2,LSJ2,LSJ2,N2,LSJ2,LSJ2,N2,N2,LSJ2,LSJ2,N2,LSJ2,N2,N2,LSJ2,N2,LSJ2,N2,LSJ2,N2,N2,N2,LSJ2,LSJ2,N2,LSJ2,LSJ2,N2,N2
LSJ2_N2_V_18403393,CHROMOSOME_V,18.403393,LSJ2,N2,LSJ2,N2,LSJ2,LSJ2,LSJ2,N2,LSJ2,N2,N2,N2,N2,N2,LSJ2,LSJ2,LSJ2,LSJ2,N2,N2,N2,N2,N2,N2,LSJ2,LSJ2,N2,N2,N2,N2,N2,N2,N2,N2,LSJ2,N2,N2,N2,LSJ2,N2,LSJ2,N2,LSJ2,N2,N2,N2,LSJ2,LSJ2,LSJ2,N2,LSJ2,LSJ2,LSJ2,LSJ2,N2,N2,LSJ2,LSJ2,LSJ2,LSJ2,LSJ2,N2,LSJ2,LSJ2,LSJ2,N2,LSJ2,LSJ2,LSJ2,LSJ2,N2,LSJ2,LSJ2,N2,N2,LSJ2,LSJ2,N2,LSJ2,N2,N2,N2,N2,LSJ2,N2,N2,N2,N2,N2,LSJ2,LSJ2,N2,LSJ2,LSJ2,N2,N2
LSJ2_N2_V_19010784,CHROMOSOME_V,19.010784,LSJ2,N2,LSJ2,N2,LSJ2,LSJ2,LSJ2,N2,LSJ2,N2,N2,N2,N2,N2,LSJ2,LSJ2,LSJ2,LSJ2,N2,N2,N2,N2,N2,N2,LSJ2,LSJ2,N2,N2,N2,LSJ2,N2,N2,N2,N2,LSJ2,N2,N2,N2,LSJ2,N2,LSJ2,LSJ2,LSJ2,N2,N2,N2,LSJ2,LSJ2,LSJ2,N2,LSJ2,LSJ2,LSJ2,N2,N2,N2,LSJ2,LSJ2,LSJ2,LSJ2,LSJ2,N2,LSJ2,LSJ2,LSJ2,N2,LSJ2,LSJ2,LSJ2,LSJ2,N2,LSJ2,N2,N2,N2,LSJ2,LSJ2,N2,LSJ2,N2,N2,N2,N2,N2,N2,N2,N2,N2,N2,LSJ2,LSJ2,N2,LSJ2,LSJ2,N2,N2
LSJ2_N2_X_199422,CHROMOSOME_X,0.199422,LSJ2,N2,N2,N2,N2,N2,LSJ2,N2,LSJ2,N2,LSJ2,LSJ2,LSJ2,LSJ2,LSJ2,LSJ2,LSJ2,N2,N2,N2,LSJ2,LSJ2,LSJ2,LSJ2,LSJ2,LSJ2,LSJ2,N2,LSJ2,LSJ2,LSJ2,N2,LSJ2,N2,N2,LSJ2,LSJ2,N2,N2,N2,LSJ2,LSJ2,N2,LSJ2,LSJ2,N2,LSJ2,LSJ2,LSJ2,LSJ2,LSJ2,N2,LSJ2,N2,N2,N2,LSJ2,N2,N2,N2,N2,LSJ2,N2,LSJ2,N2,LSJ2,N2,N2,N2,LSJ2,N2,N2,N2,N2,LSJ2,LSJ2,LSJ2,LSJ2,LSJ2,N2,LSJ2,LSJ2,LSJ2,N2,LSJ2,LSJ2,LSJ2,LSJ2,LSJ2,N2,LSJ2,LSJ2,N2,N2,N2,LSJ2
LSJ2_N2_X_915375,CHROMOSOME_X,0.915375,LSJ2,N2,N2,N2,N2,N2,LSJ2,N2,LSJ2,N2,LSJ2,LSJ2,LSJ2,LSJ2,LSJ2,LSJ2,LSJ2,N2,N2,N2,LSJ2,LSJ2,LSJ2,LSJ2,LSJ2,LSJ2,LSJ2,N2,LSJ2,LSJ2,LSJ2,N2,LSJ2,N2,N2,LSJ2,LSJ2,N2,N2,N2,LSJ2,LSJ2,N2,LSJ2,LSJ2,LSJ2,LSJ2,LSJ2,LSJ2,LSJ2,LSJ2,N2,LSJ2,N2,N2,N2,LSJ2,N2,N2,N2,N2,LSJ2,N2,LSJ2,N2,LSJ2,N2,N2,N2,LSJ2,N2,N2,N2,N2,LSJ2,LSJ2,LSJ2,LSJ2,LSJ2,N2,LSJ2,LSJ2,LSJ2,N2,LSJ2,LSJ2,LSJ2,LSJ2,LSJ2,N2,LSJ2,LSJ2,N2,N2,N2,LSJ2
LSJ2_N2_X_1308534,CHROMOSOME_X,1.308534,LSJ2,N2,N2,N2,N2,N2,LSJ2,N2,LSJ2,N2,LSJ2,LSJ2,LSJ2,LSJ2,LSJ2,LSJ2,LSJ2,N2,N2,N2,LSJ2,LSJ2,LSJ2,LSJ2,LSJ2,LSJ2,LSJ2,N2,LSJ2,LSJ2,LSJ2,N2,LSJ2,N2,N2,LSJ2,LSJ2,N2,N2,N2,LSJ2,LSJ2,N2,LSJ2,LSJ2,LSJ2,LSJ2,LSJ2,LSJ2,LSJ2,LSJ2,N2,LSJ2,N2,N2,N2,LSJ2,N2,N2,N2,N2,LSJ2,N2,LSJ2,N2,LSJ2,N2,N2,N2,LSJ2,N2,N2,N2,N2,LSJ2,LSJ2,LSJ2,LSJ2,LSJ2,N2,LSJ2,LSJ2,LSJ2,N2,LSJ2,LSJ2,LSJ2,LSJ2,LSJ2,N2,LSJ2,LSJ2,N2,N2,N2,LSJ2
LSJ2_N2_X_1769522,CHROMOSOME_X,1.769522,LSJ2,N2,N2,N2,N2,N2,LSJ2,N2,LSJ2,N2,LSJ2,LSJ2,LSJ2,LSJ2,LSJ2,LSJ2,N2,N2,N2,N2,LSJ2,LSJ2,LSJ2,LSJ2,LSJ2,LSJ2,LSJ2,N2,LSJ2,LSJ2,LSJ2,N2,LSJ2,N2,N2,LSJ2,LSJ2,N2,N2,N2,LSJ2,LSJ2,N2,LSJ2,LSJ2,LSJ2,LSJ2,LSJ2,LSJ2,LSJ2,LSJ2,N2,LSJ2,N2,N2,N2,N2,N2,N2,N2,None,LSJ2,N2,LSJ2,N2,LSJ2,N2,N2,N2,LSJ2,N2,N2,N2,N2,LSJ2,LSJ2,LSJ2,LSJ2,LSJ2,N2,LSJ2,LSJ2,LSJ2,N2,LSJ2,LSJ2,LSJ2,LSJ2,LSJ2,N2,LSJ2,N2,N2,N2,N2,LSJ2
LSJ2_N2_X_2192525,CHROMOSOME_X,2.192525,LSJ2,N2,N2,N2,N2,N2,LSJ2,N2,LSJ2,N2,LSJ2,LSJ2,LSJ2,LSJ2,LSJ2,LSJ2,N2,LSJ2,N2,N2,LSJ2,LSJ2,LSJ2,LSJ2,LSJ2,LSJ2,LSJ2,N2,LSJ2,LSJ2,LSJ2,N2,LSJ2,N2,N2,LSJ2,LSJ2,N2,N2,N2,LSJ2,LSJ2,N2,LSJ2,N2,LSJ2,LSJ2,LSJ2,LSJ2,LSJ2,LSJ2,N2,LSJ2,N2,N2,N2,N2,N2,N2,N2,LSJ2,LSJ2,N2,LSJ2,N2,LSJ2,N2,N2,N2,LSJ2,N2,N2,N2,N2,LSJ2,LSJ2,LSJ2,LSJ2,LSJ2,N2,LSJ2,LSJ2,LSJ2,N2,LSJ2,LSJ2,LSJ2,LSJ2,LSJ2,N2,LSJ2,N2,N2,N2,N2,LSJ2
LSJ2_N2_X_2490312,CHROMOSOME_X,2.490312,LSJ2,N2,N2,N2,N2,N2,LSJ2,N2,LSJ2,N2,N2,LSJ2,LSJ2,LSJ2,LSJ2,LSJ2,N2,LSJ2,N2,N2,LSJ2,LSJ2,LSJ2,LSJ2,LSJ2,LSJ2,LSJ2,N2,LSJ2,LSJ2,LSJ2,N2,LSJ2,N2,N2,LSJ2,LSJ2,N2,N2,N2,LSJ2,LSJ2,N2,LSJ2,N2,N2,LSJ2,LSJ2,LSJ2,LSJ2,N2,N2,LSJ2,N2,N2,N2,N2,N2,N2,N2,LSJ2,LSJ2,N2,LSJ2,N2,LSJ2,N2,N2,N2,LSJ2,N2,N2,N2,N2,LSJ2,LSJ2,LSJ2,LSJ2,LSJ2,N2,LSJ2,LSJ2,N2,N2,LSJ2,LSJ2,LSJ2,N2,LSJ2,N2,LSJ2,N2,N2,N2,N2,LSJ2
LSJ2_N2_X_3502795,CHROMOSOME_X,3.502795,LSJ2,N2,N2,N2,N2,N2,LSJ2,N2,LSJ2,N2,N2,LSJ2,LSJ2,LSJ2,LSJ2,LSJ2,N2,LSJ2,N2,N2,LSJ2,LSJ2,LSJ2,LSJ2,LSJ2,LSJ2,LSJ2,N2,LSJ2,LSJ2,LSJ2,N2,LSJ2,N2,N2,LSJ2,LSJ2,LSJ2,N2,N2,LSJ2,LSJ2,N2,LSJ2,N2,N2,LSJ2,LSJ2,LSJ2,LSJ2,N2,N2,LSJ2,N2,N2,N2,N2,N2,N2,N2,N2,LSJ2,N2,LSJ2,N2,LSJ2,N2,N2,N2,LSJ2,N2,N2,N2,N2,LSJ2,LSJ2,LSJ2,LSJ2,N2,N2,LSJ2,LSJ2,LSJ2,N2,LSJ2,LSJ2,LSJ2,N2,N2,N2,LSJ2,N2,N2,N2,LSJ2,LSJ2
LSJ2_N2_X_3816565,CHROMOSOME_X,3.816565,LSJ2,N2,N2,N2,N2,N2,LSJ2,N2,LSJ2,N2,N2,LSJ2,LSJ2,LSJ2,LSJ2,LSJ2,N2,LSJ2,N2,N2,LSJ2,LSJ2,LSJ2,LSJ2,LSJ2,LSJ2,LSJ2,N2,LSJ2,LSJ2,LSJ2,N2,LSJ2,N2,N2,LSJ2,LSJ2,LSJ2,N2,N2,LSJ2,LSJ2,N2,LSJ2,N2,N2,LSJ2,LSJ2,LSJ2,LSJ2,N2,N2,LSJ2,N2,N2,N2,N2,N2,N2,N2,LSJ2,LSJ2,N2,LSJ2,N2,LSJ2,N2,N2,N2,LSJ2,N2,N2,N2,N2,LSJ2,LSJ2,LSJ2,LSJ2,N2,N2,LSJ2,LSJ2,LSJ2,N2,LSJ2,LSJ2,LSJ2,N2,N2,N2,LSJ2,N2,N2,N2,LSJ2,LSJ2
LSJ2_N2_X_4645170,CHROMOSOME_X,4.64517,LSJ2,N2,N2,N2,N2,N2,LSJ2,N2,LSJ2,N2,N2,LSJ2,LSJ2,LSJ2,LSJ2,LSJ2,N2,LSJ2,N2,N2,LSJ2,LSJ2,LSJ2,LSJ2,LSJ2,LSJ2,LSJ2,N2,LSJ2,LSJ2,LSJ2,N2,LSJ2,N2,N2,LSJ2,LSJ2,LSJ2,N2,N2,LSJ2,LSJ2,N2,LSJ2,N2,N2,LSJ2,N2,LSJ2,LSJ2,N2,N2,LSJ2,N2,N2,N2,N2,N2,N2,N2,LSJ2,LSJ2,N2,LSJ2,N2,LSJ2,N2,N2,N2,N2,N2,N2,N2,N2,LSJ2,LSJ2,LSJ2,LSJ2,N2,N2,LSJ2,LSJ2,LSJ2,N2,LSJ2,LSJ2,LSJ2,N2,N2,N2,LSJ2,N2,N2,N2,LSJ2,N2
LSJ2_N2_X_5314254,CHROMOSOME_X,5.314254,LSJ2,N2,N2,N2,LSJ2,N2,LSJ2,N2,LSJ2,N2,N2,LSJ2,LSJ2,LSJ2,LSJ2,LSJ2,N2,LSJ2,N2,N2,LSJ2,LSJ2,LSJ2,LSJ2,LSJ2,LSJ2,LSJ2,N2,LSJ2,LSJ2,LSJ2,N2,LSJ2,N2,N2,LSJ2,LSJ2,LSJ2,N2,N2,LSJ2,LSJ2,LSJ2,LSJ2,N2,N2,LSJ2,N2,LSJ2,LSJ2,N2,N2,LSJ2,N2,N2,N2,N2,LSJ2,N2,LSJ2,LSJ2,LSJ2,N2,LSJ2,N2,LSJ2,LSJ2,N2,N2,N2,N2,N2,N2,N2,LSJ2,LSJ2,LSJ2,LSJ2,N2,N2,LSJ2,LSJ2,LSJ2,N2,LSJ2,LSJ2,LSJ2,N2,N2,N2,LSJ2,N2,N2,N2,LSJ2,N2
LSJ2_N2_X_5795787,CHROMOSOME_X,5.795787,LSJ2,N2,N2,N2,LSJ2,N2,LSJ2,N2,LSJ2,N2,N2,LSJ2,LSJ2,LSJ2,LSJ2,LSJ2,N2,N2,N2,N2,LSJ2,LSJ2,LSJ2,LSJ2,LSJ2,LSJ2,LSJ2,N2,LSJ2,LSJ2,N2,N2,LSJ2,N2,N2,LSJ2,LSJ2,LSJ2,N2,N2,LSJ2,LSJ2,LSJ2,LSJ2,N2,N2,LSJ2,N2,LSJ2,LSJ2,N2,N2,LSJ2,LSJ2,N2,N2,N2,LSJ2,N2,LSJ2,LSJ2,LSJ2,N2,LSJ2,N2,LSJ2,LSJ2,N2,N2,N2,N2,N2,N2,N2,LSJ2,LSJ2,LSJ2,LSJ2,N2,N2,LSJ2,LSJ2,LSJ2,N2,LSJ2,LSJ2,LSJ2,N2,N2,N2,LSJ2,N2,N2,N2,LSJ2,N2
LSJ2_N2_X_7820848,CHROMOSOME_X,7.820848,LSJ2,N2,N2,N2,LSJ2,N2,LSJ2,N2,N2,LSJ2,N2,LSJ2,LSJ2,LSJ2,LSJ2,LSJ2,N2,N2,N2,N2,LSJ2,LSJ2,LSJ2,LSJ2,LSJ2,LSJ2,LSJ2,N2,LSJ2,LSJ2,N2,N2,LSJ2,N2,N2,LSJ2,LSJ2,LSJ2,N2,N2,LSJ2,LSJ2,LSJ2,LSJ2,N2,LSJ2,LSJ2,N2,N2,LSJ2,N2,N2,N2,LSJ2,N2,LSJ2,N2,LSJ2,N2,LSJ2,LSJ2,LSJ2,N2,LSJ2,N2,LSJ2,LSJ2,N2,N2,N2,N2,N2,N2,N2,LSJ2,LSJ2,LSJ2,LSJ2,N2,N2,LSJ2,LSJ2,LSJ2,N2,LSJ2,LSJ2,LSJ2,LSJ2,N2,LSJ2,N2,N2,N2,N2,LSJ2,N2
LSJ2_N2_X_8509475,CHROMOSOME_X,8.509475,LSJ2,N2,N2,N2,LSJ2,N2,LSJ2,N2,N2,LSJ2,N2,LSJ2,LSJ2,LSJ2,LSJ2,LSJ2,N2,N2,N2,N2,LSJ2,LSJ2,LSJ2,LSJ2,LSJ2,LSJ2,LSJ2,N2,LSJ2,N2,N2,N2,LSJ2,N2,N2,N2,LSJ2,LSJ2,N2,N2,LSJ2,LSJ2,LSJ2,LSJ2,N2,LSJ2,LSJ2,N2,N2,LSJ2,N2,N2,N2,LSJ2,N2,LSJ2,N2,LSJ2,N2,LSJ2,LSJ2,LSJ2,N2,LSJ2,N2,LSJ2,LSJ2,N2,N2,N2,N2,N2,N2,N2,LSJ2,LSJ2,LSJ2,LSJ2,N2,N2,LSJ2,LSJ2,LSJ2,N2,N2,LSJ2,LSJ2,LSJ2,N2,LSJ2,N2,N2,N2,N2,LSJ2,N2
LSJ2_N2_X_8906072,CHROMOSOME_X,8.906072,LSJ2,N2,N2,N2,LSJ2,N2,LSJ2,N2,N2,LSJ2,N2,LSJ2,LSJ2,LSJ2,LSJ2,LSJ2,N2,N2,N2,N2,LSJ2,LSJ2,LSJ2,LSJ2,LSJ2,LSJ2,LSJ2,N2,LSJ2,N2,N2,N2,LSJ2,N2,N2,N2,LSJ2,LSJ2,N2,N2,LSJ2,LSJ2,LSJ2,LSJ2,N2,LSJ2,LSJ2,N2,N2,LSJ2,N2,N2,N2,LSJ2,N2,LSJ2,N2,LSJ2,N2,LSJ2,LSJ2,LSJ2,N2,LSJ2,N2,LSJ2,LSJ2,N2,N2,N2,N2,N2,N2,N2,LSJ2,LSJ2,LSJ2,LSJ2,N2,N2,LSJ2,LSJ2,LSJ2,N2,N2,LSJ2,LSJ2,LSJ2,N2,LSJ2,N2,N2,N2,N2,LSJ2,N2
LSJ2_N2_X_9114559,CHROMOSOME_X,9.114559,LSJ2,N2,N2,N2,LSJ2,N2,LSJ2,N2,N2,LSJ2,N2,LSJ2,LSJ2,LSJ2,LSJ2,LSJ2,N2,N2,N2,N2,LSJ2,LSJ2,LSJ2,LSJ2,LSJ2,LSJ2,LSJ2,N2,LSJ2,N2,N2,N2,LSJ2,N2,N2,N2,LSJ2,LSJ2,N2,N2,LSJ2,LSJ2,LSJ2,LSJ2,N2,LSJ2,LSJ2,N2,N2,LSJ2,N2,N2,N2,LSJ2,N2,LSJ2,N2,LSJ2,N2,LSJ2,LSJ2,LSJ2,N2,LSJ2,N2,LSJ2,LSJ2,N2,N2,N2,N2,N2,N2,N2,LSJ2,LSJ2,LSJ2,LSJ2,N2,N2,LSJ2,LSJ2,LSJ2,N2,N2,LSJ2,LSJ2,LSJ2,N2,LSJ2,N2,N2,N2,N2,LSJ2,N2
LSJ2_N2_X_9748888,CHROMOSOME_X,9.748888,LSJ2,N2,N2,N2,LSJ2,N2,LSJ2,N2,N2,LSJ2,N2,LSJ2,LSJ2,LSJ2,LSJ2,LSJ2,N2,N2,N2,N2,LSJ2,LSJ2,LSJ2,LSJ2,LSJ2,LSJ2,LSJ2,N2,LSJ2,N2,N2,N2,LSJ2,N2,LSJ2,N2,LSJ2,LSJ2,LSJ2,N2,LSJ2,LSJ2,LSJ2,LSJ2,N2,LSJ2,LSJ2,N2,N2,LSJ2,N2,N2,N2,LSJ2,N2,LSJ2,N2,LSJ2,N2,LSJ2,LSJ2,LSJ2,N2,LSJ2,N2,LSJ2,LSJ2,N2,N2,N2,N2,N2,N2,N2,LSJ2,LSJ2,LSJ2,LSJ2,N2,N2,LSJ2,N2,LSJ2,N2,N2,LSJ2,LSJ2,LSJ2,N2,LSJ2,N2,N2,N2,N2,LSJ2,N2
LSJ2_N2_X_10984688,CHROMOSOME_X,10.984688,LSJ2,N2,N2,N2,LSJ2,N2,LSJ2,N2,N2,LSJ2,N2,N2,LSJ2,LSJ2,LSJ2,LSJ2,N2,N2,N2,N2,LSJ2,LSJ2,LSJ2,LSJ2,LSJ2,LSJ2,LSJ2,N2,LSJ2,N2,N2,N2,LSJ2,N2,LSJ2,N2,LSJ2,LSJ2,LSJ2,LSJ2,LSJ2,LSJ2,LSJ2,LSJ2,N2,LSJ2,LSJ2,N2,N2,LSJ2,N2,N2,N2,LSJ2,N2,LSJ2,N2,LSJ2,N2,LSJ2,LSJ2,LSJ2,N2,LSJ2,N2,LSJ2,LSJ2,N2,N2,N2,LSJ2,N2,N2,N2,LSJ2,LSJ2,LSJ2,LSJ2,N2,N2,LSJ2,N2,LSJ2,N2,N2,LSJ2,LSJ2,LSJ2,N2,LSJ2,N2,N2,N2,LSJ2,LSJ2,N2
LSJ2_N2_X_11123074,CHROMOSOME_X,11.123074,LSJ2,N2,N2,N2,LSJ2,N2,LSJ2,N2,N2,LSJ2,N2,N2,LSJ2,LSJ2,LSJ2,LSJ2,N2,N2,N2,N2,LSJ2,LSJ2,LSJ2,LSJ2,LSJ2,LSJ2,LSJ2,N2,LSJ2,N2,N2,N2,LSJ2,N2,LSJ2,N2,LSJ2,LSJ2,LSJ2,LSJ2,LSJ2,LSJ2,LSJ2,LSJ2,N2,LSJ2,LSJ2,N2,N2,LSJ2,N2,N2,N2,LSJ2,N2,LSJ2,N2,LSJ2,N2,LSJ2,LSJ2,LSJ2,N2,LSJ2,N2,LSJ2,LSJ2,N2,N2,N2,LSJ2,N2,N2,N2,LSJ2,LSJ2,LSJ2,LSJ2,N2,N2,LSJ2,N2,LSJ2,N2,N2,LSJ2,LSJ2,LSJ2,N2,LSJ2,N2,N2,N2,LSJ2,LSJ2,N2
LSJ2_N2_X_11484641,CHROMOSOME_X,11.484641,LSJ2,N2,N2,N2,LSJ2,N2,N2,N2,N2,LSJ2,N2,N2,LSJ2,LSJ2,LSJ2,LSJ2,N2,N2,N2,N2,LSJ2,LSJ2,LSJ2,N2,LSJ2,LSJ2,LSJ2,N2,LSJ2,N2,N2,N2,LSJ2,N2,LSJ2,N2,LSJ2,LSJ2,LSJ2,LSJ2,LSJ2,LSJ2,LSJ2,LSJ2,N2,LSJ2,LSJ2,N2,N2,LSJ2,N2,N2,N2,LSJ2,N2,LSJ2,N2,LSJ2,N2,LSJ2,LSJ2,LSJ2,N2,LSJ2,N2,LSJ2,LSJ2,N2,N2,N2,LSJ2,N2,N2,N2,LSJ2,LSJ2,LSJ2,LSJ2,N2,N2,LSJ2,N2,LSJ2,N2,N2,LSJ2,LSJ2,LSJ2,N2,LSJ2,N2,N2,N2,LSJ2,LSJ2,N2
LSJ2_N2_X_11920788,CHROMOSOME_X,11.920788,LSJ2,N2,N2,N2,LSJ2,N2,N2,N2,N2,LSJ2,LSJ2,N2,LSJ2,N2,LSJ2,LSJ2,N2,N2,N2,N2,LSJ2,LSJ2,LSJ2,N2,LSJ2,LSJ2,LSJ2,N2,LSJ2,N2,N2,N2,LSJ2,N2,LSJ2,N2,LSJ2,LSJ2,LSJ2,LSJ2,LSJ2,LSJ2,LSJ2,LSJ2,N2,LSJ2,LSJ2,N2,N2,LSJ2,N2,N2,N2,LSJ2,N2,LSJ2,N2,LSJ2,N2,N2,LSJ2,LSJ2,N2,LSJ2,N2,LSJ2,LSJ2,N2,N2,N2,LSJ2,N2,N2,N2,LSJ2,LSJ2,LSJ2,LSJ2,N2,N2,LSJ2,N2,LSJ2,N2,N2,LSJ2,LSJ2,LSJ2,N2,LSJ2,N2,N2,N2,LSJ2,LSJ2,N2
LSJ2_N2_X_12419528,CHROMOSOME_X,12.419528,LSJ2,N2,N2,N2,LSJ2,N2,N2,N2,N2,LSJ2,LSJ2,N2,LSJ2,N2,LSJ2,LSJ2,N2,N2,N2,N2,LSJ2,LSJ2,LSJ2,N2,LSJ2,LSJ2,LSJ2,N2,N2,N2,N2,N2,LSJ2,N2,LSJ2,N2,LSJ2,LSJ2,LSJ2,LSJ2,LSJ2,LSJ2,LSJ2,LSJ2,N2,LSJ2,LSJ2,N2,N2,LSJ2,N2,N2,N2,LSJ2,N2,LSJ2,N2,LSJ2,N2,N2,LSJ2,LSJ2,N2,LSJ2,N2,LSJ2,LSJ2,N2,N2,N2,LSJ2,N2,N2,N2,LSJ2,LSJ2,LSJ2,LSJ2,N2,N2,LSJ2,N2,LSJ2,N2,N2,LSJ2,LSJ2,LSJ2,N2,LSJ2,N2,N2,N2,LSJ2,LSJ2,N2
LSJ2_N2_X_12812572,CHROMOSOME_X,12.812572,LSJ2,N2,N2,N2,LSJ2,N2,N2,N2,N2,LSJ2,LSJ2,N2,LSJ2,N2,LSJ2,LSJ2,N2,N2,N2,N2,LSJ2,N2,LSJ2,N2,LSJ2,LSJ2,LSJ2,N2,N2,N2,N2,N2,LSJ2,LSJ2,LSJ2,N2,N2,LSJ2,LSJ2,LSJ2,LSJ2,LSJ2,LSJ2,LSJ2,N2,LSJ2,LSJ2,N2,N2,LSJ2,N2,N2,N2,LSJ2,N2,LSJ2,N2,LSJ2,N2,N2,LSJ2,LSJ2,N2,LSJ2,N2,LSJ2,LSJ2,N2,N2,N2,LSJ2,N2,N2,N2,N2,LSJ2,LSJ2,LSJ2,N2,N2,LSJ2,N2,LSJ2,N2,N2,LSJ2,LSJ2,LSJ2,N2,LSJ2,N2,N2,N2,LSJ2,LSJ2,N2
LSJ2_N2_X_13001478,CHROMOSOME_X,13.001478,LSJ2,N2,N2,N2,LSJ2,N2,N2,N2,N2,LSJ2,LSJ2,N2,LSJ2,N2,LSJ2,LSJ2,N2,N2,N2,N2,LSJ2,N2,LSJ2,N2,LSJ2,LSJ2,LSJ2,N2,N2,N2,N2,N2,LSJ2,LSJ2,LSJ2,N2,N2,LSJ2,LSJ2,LSJ2,LSJ2,LSJ2,LSJ2,LSJ2,N2,LSJ2,LSJ2,N2,N2,LSJ2,N2,N2,N2,LSJ2,N2,LSJ2,N2,LSJ2,N2,N2,LSJ2,LSJ2,N2,LSJ2,N2,LSJ2,LSJ2,N2,N2,N2,LSJ2,N2,N2,N2,N2,LSJ2,LSJ2,N2,N2,N2,LSJ2,N2,LSJ2,N2,N2,LSJ2,LSJ2,LSJ2,N2,LSJ2,N2,N2,N2,LSJ2,LSJ2,N2
LSJ2_N2_X_13494282,CHROMOSOME_X,13.494282,LSJ2,N2,LSJ2,N2,LSJ2,N2,N2,N2,N2,LSJ2,LSJ2,N2,LSJ2,N2,LSJ2,LSJ2,N2,N2,N2,N2,LSJ2,N2,LSJ2,N2,LSJ2,N2,LSJ2,N2,N2,N2,N2,N2,LSJ2,LSJ2,LSJ2,N2,N2,LSJ2,LSJ2,LSJ2,LSJ2,N2,LSJ2,LSJ2,N2,LSJ2,LSJ2,N2,N2,LSJ2,N2,N2,N2,LSJ2,N2,LSJ2,N2,LSJ2,N2,N2,LSJ2,LSJ2,LSJ2,LSJ2,N2,LSJ2,LSJ2,N2,N2,N2,LSJ2,N2,N2,N2,N2,LSJ2,N2,N2,N2,N2,LSJ2,N2,LSJ2,N2,N2,LSJ2,LSJ2,LSJ2,N2,LSJ2,N2,N2,N2,N2,LSJ2,N2
LSJ2_N2_X_14343414,CHROMOSOME_X,14.343414,LSJ2,N2,LSJ2,N2,LSJ2,N2,N2,N2,N2,LSJ2,LSJ2,N2,LSJ2,N2,LSJ2,LSJ2,N2,LSJ2,N2,N2,LSJ2,N2,LSJ2,N2,LSJ2,N2,LSJ2,N2,N2,LSJ2,N2,N2,LSJ2,LSJ2,LSJ2,None,N2,LSJ2,LSJ2,LSJ2,LSJ2,N2,LSJ2,LSJ2,N2,LSJ2,LSJ2,N2,N2,LSJ2,N2,N2,N2,LSJ2,N2,LSJ2,N2,LSJ2,N2,N2,LSJ2,LSJ2,LSJ2,LSJ2,N2,LSJ2,LSJ2,N2,N2,N2,LSJ2,N2,LSJ2,N2,N2,LSJ2,N2,N2,N2,N2,LSJ2,LSJ2,LSJ2,LSJ2,N2,LSJ2,LSJ2,LSJ2,N2,LSJ2,N2,N2,N2,N2,LSJ2,N2
LSJ2_N2_X_16647104,CHROMOSOME_X,16.647104,LSJ2,N2,LSJ2,LSJ2,LSJ2,N2,LSJ2,N2,N2,N2,LSJ2,N2,N2,N2,LSJ2,LSJ2,N2,LSJ2,N2,N2,LSJ2,N2,LSJ2,N2,LSJ2,N2,LSJ2,N2,N2,LSJ2,N2,N2,N2,LSJ2,N2,LSJ2,N2,LSJ2,LSJ2,LSJ2,N2,N2,LSJ2,N2,N2,LSJ2,N2,N2,N2,LSJ2,N2,LSJ2,N2,N2,N2,LSJ2,N2,LSJ2,N2,N2,LSJ2,LSJ2,LSJ2,LSJ2,N2,LSJ2,N2,N2,N2,N2,LSJ2,N2,LSJ2,N2,N2,N2,N2,N2,N2,N2,LSJ2,LSJ2,LSJ2,LSJ2,LSJ2,N2,LSJ2,N2,LSJ2,LSJ2,N2,N2,N2,N2,LSJ2,N2